campaign_id,execution_id,case_id,edge_id,source_state,target_state,edge_meaning,state,weight,cpr_contribution,wcpr_contribution,temporal_status,semantic_status,integrity_status,required_artifacts,found_artifacts,missing_artifacts,artifact_paths,reason,fix_required,rerun_required,fix_description
CMP-20260729-130859-8DE7,EXEC-0001,case-f258266b,edge_attack_execution_to_ot_write,attack_execution,ot_modbus_write,The T0831 attack execution issues an unauthorized Modbus write to the PLC register.,recovered,1.0,0.125,not_computed,supported,supported,verified,attack_attestation; network_modbus_observation,foc-reconstruction/attestations/attack_attestation.json#atk-6402b8e1; app_core/infrastructure/forensics/evidence_store/CASE-20260729-140434/analysis/03_network/network_findings.json,,foc-reconstruction/attestations/attack_attestation.json#atk-6402b8e1; app_core/infrastructure/forensics/evidence_store/CASE-20260729-140434/analysis/03_network/network_findings.json,,False,False,Confirm attack_attestation.json references the write function code and register.
CMP-20260729-130859-8DE7,EXEC-0001,case-f258266b,edge_ot_write_to_network_modbus_write,ot_modbus_write,network_modbus_write,The write instruction should produce observable Modbus TCP traffic capturable by IDS.,recovered,1.0,0.125,not_computed,not_required,supported,verified,network_modbus_observation,app_core/infrastructure/forensics/evidence_store/CASE-20260729-140434/analysis/03_network/network_findings.json,,app_core/infrastructure/forensics/evidence_store/CASE-20260729-140434/analysis/03_network/network_findings.json,,False,False,Verify OT export PCAP contains the Modbus write function code and target register.
CMP-20260729-130859-8DE7,EXEC-0001,case-f258266b,edge_network_modbus_write_to_detection_surface,network_modbus_write,detection_surface,Observable Modbus traffic reaches the detection surface (Suricata/Wazuh).,recovered,1.0,0.125,not_computed,supported,supported,verified,attack_attestation; detection_attestation,foc-reconstruction/attestations/attack_attestation.json#atk-6402b8e1; foc-reconstruction/attestations/detection_attestation.json#910836102,,foc-reconstruction/attestations/attack_attestation.json#atk-6402b8e1; foc-reconstruction/attestations/detection_attestation.json#910836102,Temporal link between network traffic and detection surface is unresolved (temporal_status=unknown).,False,False,Resolve UTC timestamp gap between attack_started_at and network_event_observed_at.
CMP-20260729-130859-8DE7,EXEC-0001,case-f258266b,edge_ot_write_to_plc_state_observation,ot_modbus_write,plc_or_scada_state_observation,The register write should produce an observable PLC/SCADA state change.,recovered,1.0,0.125,not_computed,not_required,supported,verified,plc_state_observation,app_core/infrastructure/forensics/evidence_store/CASE-20260729-140434/analysis/06_ot/ot_findings.json,,app_core/infrastructure/forensics/evidence_store/CASE-20260729-140434/analysis/06_ot/ot_findings.json,,False,False,ot_findings.json already covers this; confirm function code=16 and register/value.
CMP-20260729-130859-8DE7,EXEC-0001,case-f258266b,edge_detection_surface_to_alert_observation,detection_surface,alert_observation,The detection surface produces an alert observable by the SIEM/alert pipeline.,ambiguous,1.0,0.0625,not_computed,ambiguous,supported,verified,detection_attestation; alert_correlation,foc-reconstruction/attestations/detection_attestation.json#910836102; foc-reconstruction/attestations/alert_correlation.json#alr-bc4c82dd,,foc-reconstruction/attestations/detection_attestation.json#910836102; foc-reconstruction/attestations/alert_correlation.json#alr-bc4c82dd,Temporal resolution between detection and alert observation is limited (temporal_status=unknown).,False,False,Normalize detection_observed_at_utc vs alert_observed_at_utc in normalized_causal_timestamps.json.
CMP-20260729-130859-8DE7,EXEC-0001,case-f258266b,edge_alert_observation_to_forensic_case,alert_observation,forensic_case,The observed alert triggers forensic intervention and creates the forensic case.,recovered,1.0,0.125,not_computed,supported,supported,verified,alert_correlation; forensic_intervention,foc-reconstruction/attestations/alert_correlation.json#alr-bc4c82dd; app_core/infrastructure/forensics/evidence_store/CASE-20260729-140434/metadata/forensic_intervention.json,,foc-reconstruction/attestations/alert_correlation.json#alr-bc4c82dd; app_core/infrastructure/forensics/evidence_store/CASE-20260729-140434/metadata/forensic_intervention.json,forensic_intervention.json does not carry the trigger_alert_id → case_id causal chain.,False,False,"forensic_intervention.json must explicitly link trigger_alert_id → case_id. Currently, the artifact exists but the causal link to the triggering alert is not resolved."
CMP-20260729-130859-8DE7,EXEC-0001,case-f258266b,edge_forensic_case_to_preserved_case_evidence,forensic_case,preserved_case_evidence,"The forensic case maps to concrete preserved evidence (manifest, custody chain, artifacts).",recovered,1.0,0.125,not_computed,supported,supported,verified,forensic_intervention; case_manifest_link; manifest; chain_of_custody,app_core/infrastructure/forensics/evidence_store/CASE-20260729-140434/metadata/forensic_intervention.json; foc-reconstruction/attestations/case_manifest_link.json; app_core/infrastructure/forensics/evidence_store/CASE-20260729-140434/manifest.json; app_core/infrastructure/forensics/evidence_store/CASE-20260729-140434/chain_of_custody.log,,app_core/infrastructure/forensics/evidence_store/CASE-20260729-140434/metadata/forensic_intervention.json; foc-reconstruction/attestations/case_manifest_link.json; app_core/infrastructure/forensics/evidence_store/CASE-20260729-140434/manifest.json; app_core/infrastructure/forensics/evidence_store/CASE-20260729-140434/chain_of_custody.log,forensic_intervention.json exists but does not contain the explicit case_id → preserved_case_directory → manifest link needed for causal traceability.,False,False,forensic_intervention.json must contain preserved_case_directory and link to manifest.json. This creates the causal chain: alert → intervention → case → evidence.
CMP-20260729-130859-8DE7,EXEC-0001,case-f258266b,edge_preserved_case_evidence_to_multilayer_analysis,preserved_case_evidence,multilayer_analysis,Preserved evidence is consumed by the multilayer forensic analysis pipeline.,recovered,1.0,0.125,not_computed,supported,supported,verified,manifest; chain_of_custody; forensic_analysis_report; analysis_visual_summary; memory_analysis_useful,app_core/infrastructure/forensics/evidence_store/CASE-20260729-140434/manifest.json; app_core/infrastructure/forensics/evidence_store/CASE-20260729-140434/chain_of_custody.log; app_core/infrastructure/forensics/evidence_store/CASE-20260729-140434/analysis/forensic_analysis_report.json; app_core/infrastructure/forensics/evidence_store/CASE-20260729-140434/analysis/visual/analysis_visual_summary.json; app_core/infrastructure/forensics/evidence_store/CASE-20260729-140434/analysis/04_memory/memory_findings.json,,app_core/infrastructure/forensics/evidence_store/CASE-20260729-140434/manifest.json; app_core/infrastructure/forensics/evidence_store/CASE-20260729-140434/chain_of_custody.log; app_core/infrastructure/forensics/evidence_store/CASE-20260729-140434/analysis/forensic_analysis_report.json; app_core/infrastructure/forensics/evidence_store/CASE-20260729-140434/analysis/visual/analysis_visual_summary.json; app_core/infrastructure/forensics/evidence_store/CASE-20260729-140434/analysis/04_memory/memory_findings.json,,False,False,forensic_analysis_report.json and analysis_visual_summary.json cover this edge.
CMP-20260729-130859-8DE7,EXEC-0002,case-fbf90c48,edge_attack_execution_to_ot_write,attack_execution,ot_modbus_write,The T0831 attack execution issues an unauthorized Modbus write to the PLC register.,recovered,1.0,0.125,not_computed,supported,supported,verified,attack_attestation; network_modbus_observation,foc-reconstruction/attestations/attack_attestation.json#atk-6402b8e1; app_core/infrastructure/forensics/evidence_store/CASE-20260729-162321/analysis/03_network/network_findings.json,,foc-reconstruction/attestations/attack_attestation.json#atk-6402b8e1; app_core/infrastructure/forensics/evidence_store/CASE-20260729-162321/analysis/03_network/network_findings.json,,False,False,Confirm attack_attestation.json references the write function code and register.
CMP-20260729-130859-8DE7,EXEC-0002,case-fbf90c48,edge_ot_write_to_network_modbus_write,ot_modbus_write,network_modbus_write,The write instruction should produce observable Modbus TCP traffic capturable by IDS.,recovered,1.0,0.125,not_computed,not_required,supported,verified,network_modbus_observation,app_core/infrastructure/forensics/evidence_store/CASE-20260729-162321/analysis/03_network/network_findings.json,,app_core/infrastructure/forensics/evidence_store/CASE-20260729-162321/analysis/03_network/network_findings.json,,False,False,Verify OT export PCAP contains the Modbus write function code and target register.
CMP-20260729-130859-8DE7,EXEC-0002,case-fbf90c48,edge_network_modbus_write_to_detection_surface,network_modbus_write,detection_surface,Observable Modbus traffic reaches the detection surface (Suricata/Wazuh).,recovered,1.0,0.125,not_computed,supported,supported,verified,attack_attestation; detection_attestation,foc-reconstruction/attestations/attack_attestation.json#atk-6402b8e1; foc-reconstruction/attestations/detection_attestation.json#910836102,,foc-reconstruction/attestations/attack_attestation.json#atk-6402b8e1; foc-reconstruction/attestations/detection_attestation.json#910836102,Temporal link between network traffic and detection surface is unresolved (temporal_status=unknown).,False,False,Resolve UTC timestamp gap between attack_started_at and network_event_observed_at.
CMP-20260729-130859-8DE7,EXEC-0002,case-fbf90c48,edge_ot_write_to_plc_state_observation,ot_modbus_write,plc_or_scada_state_observation,The register write should produce an observable PLC/SCADA state change.,degraded,1.0,0.0625,not_computed,not_required,partial,verified,plc_state_observation,app_core/infrastructure/forensics/evidence_store/CASE-20260729-162321/analysis/06_ot/ot_findings.json,,app_core/infrastructure/forensics/evidence_store/CASE-20260729-162321/analysis/06_ot/ot_findings.json,,True,False,ot_findings.json already covers this; confirm function code=16 and register/value.
CMP-20260729-130859-8DE7,EXEC-0002,case-fbf90c48,edge_detection_surface_to_alert_observation,detection_surface,alert_observation,The detection surface produces an alert observable by the SIEM/alert pipeline.,ambiguous,1.0,0.0625,not_computed,ambiguous,supported,verified,detection_attestation; alert_correlation,foc-reconstruction/attestations/detection_attestation.json#910836102; foc-reconstruction/attestations/alert_correlation.json#alr-bc4c82dd,,foc-reconstruction/attestations/detection_attestation.json#910836102; foc-reconstruction/attestations/alert_correlation.json#alr-bc4c82dd,Temporal resolution between detection and alert observation is limited (temporal_status=unknown).,False,False,Normalize detection_observed_at_utc vs alert_observed_at_utc in normalized_causal_timestamps.json.
CMP-20260729-130859-8DE7,EXEC-0002,case-fbf90c48,edge_alert_observation_to_forensic_case,alert_observation,forensic_case,The observed alert triggers forensic intervention and creates the forensic case.,recovered,1.0,0.125,not_computed,supported,supported,verified,alert_correlation; forensic_intervention,foc-reconstruction/attestations/alert_correlation.json#alr-bc4c82dd; app_core/infrastructure/forensics/evidence_store/CASE-20260729-162321/metadata/forensic_intervention.json,,foc-reconstruction/attestations/alert_correlation.json#alr-bc4c82dd; app_core/infrastructure/forensics/evidence_store/CASE-20260729-162321/metadata/forensic_intervention.json,forensic_intervention.json does not carry the trigger_alert_id → case_id causal chain.,False,False,"forensic_intervention.json must explicitly link trigger_alert_id → case_id. Currently, the artifact exists but the causal link to the triggering alert is not resolved."
CMP-20260729-130859-8DE7,EXEC-0002,case-fbf90c48,edge_forensic_case_to_preserved_case_evidence,forensic_case,preserved_case_evidence,"The forensic case maps to concrete preserved evidence (manifest, custody chain, artifacts).",recovered,1.0,0.125,not_computed,supported,supported,verified,forensic_intervention; case_manifest_link; manifest; chain_of_custody,app_core/infrastructure/forensics/evidence_store/CASE-20260729-162321/metadata/forensic_intervention.json; foc-reconstruction/attestations/case_manifest_link.json; app_core/infrastructure/forensics/evidence_store/CASE-20260729-162321/manifest.json; app_core/infrastructure/forensics/evidence_store/CASE-20260729-162321/chain_of_custody.log,,app_core/infrastructure/forensics/evidence_store/CASE-20260729-162321/metadata/forensic_intervention.json; foc-reconstruction/attestations/case_manifest_link.json; app_core/infrastructure/forensics/evidence_store/CASE-20260729-162321/manifest.json; app_core/infrastructure/forensics/evidence_store/CASE-20260729-162321/chain_of_custody.log,forensic_intervention.json exists but does not contain the explicit case_id → preserved_case_directory → manifest link needed for causal traceability.,False,False,forensic_intervention.json must contain preserved_case_directory and link to manifest.json. This creates the causal chain: alert → intervention → case → evidence.
CMP-20260729-130859-8DE7,EXEC-0002,case-fbf90c48,edge_preserved_case_evidence_to_multilayer_analysis,preserved_case_evidence,multilayer_analysis,Preserved evidence is consumed by the multilayer forensic analysis pipeline.,recovered,1.0,0.125,not_computed,supported,supported,verified,manifest; chain_of_custody; forensic_analysis_report; analysis_visual_summary; memory_analysis_useful,app_core/infrastructure/forensics/evidence_store/CASE-20260729-162321/manifest.json; app_core/infrastructure/forensics/evidence_store/CASE-20260729-162321/chain_of_custody.log; app_core/infrastructure/forensics/evidence_store/CASE-20260729-162321/analysis/forensic_analysis_report.json; app_core/infrastructure/forensics/evidence_store/CASE-20260729-162321/analysis/visual/analysis_visual_summary.json; app_core/infrastructure/forensics/evidence_store/CASE-20260729-162321/analysis/04_memory/memory_findings.json,,app_core/infrastructure/forensics/evidence_store/CASE-20260729-162321/manifest.json; app_core/infrastructure/forensics/evidence_store/CASE-20260729-162321/chain_of_custody.log; app_core/infrastructure/forensics/evidence_store/CASE-20260729-162321/analysis/forensic_analysis_report.json; app_core/infrastructure/forensics/evidence_store/CASE-20260729-162321/analysis/visual/analysis_visual_summary.json; app_core/infrastructure/forensics/evidence_store/CASE-20260729-162321/analysis/04_memory/memory_findings.json,,False,False,forensic_analysis_report.json and analysis_visual_summary.json cover this edge.
CMP-20260729-130859-8DE7,EXEC-0003,case-e85ff25b,edge_attack_execution_to_ot_write,attack_execution,ot_modbus_write,The T0831 attack execution issues an unauthorized Modbus write to the PLC register.,recovered,1.0,0.125,not_computed,supported,supported,verified,attack_attestation; network_modbus_observation,foc-reconstruction/attestations/attack_attestation.json#atk-6402b8e1; app_core/infrastructure/forensics/evidence_store/CASE-20260729-183122/analysis/03_network/network_findings.json,,foc-reconstruction/attestations/attack_attestation.json#atk-6402b8e1; app_core/infrastructure/forensics/evidence_store/CASE-20260729-183122/analysis/03_network/network_findings.json,,False,False,Confirm attack_attestation.json references the write function code and register.
CMP-20260729-130859-8DE7,EXEC-0003,case-e85ff25b,edge_ot_write_to_network_modbus_write,ot_modbus_write,network_modbus_write,The write instruction should produce observable Modbus TCP traffic capturable by IDS.,recovered,1.0,0.125,not_computed,not_required,supported,verified,network_modbus_observation,app_core/infrastructure/forensics/evidence_store/CASE-20260729-183122/analysis/03_network/network_findings.json,,app_core/infrastructure/forensics/evidence_store/CASE-20260729-183122/analysis/03_network/network_findings.json,,False,False,Verify OT export PCAP contains the Modbus write function code and target register.
CMP-20260729-130859-8DE7,EXEC-0003,case-e85ff25b,edge_network_modbus_write_to_detection_surface,network_modbus_write,detection_surface,Observable Modbus traffic reaches the detection surface (Suricata/Wazuh).,recovered,1.0,0.125,not_computed,supported,supported,verified,attack_attestation; detection_attestation,foc-reconstruction/attestations/attack_attestation.json#atk-6402b8e1; foc-reconstruction/attestations/detection_attestation.json#910836102,,foc-reconstruction/attestations/attack_attestation.json#atk-6402b8e1; foc-reconstruction/attestations/detection_attestation.json#910836102,Temporal link between network traffic and detection surface is unresolved (temporal_status=unknown).,False,False,Resolve UTC timestamp gap between attack_started_at and network_event_observed_at.
CMP-20260729-130859-8DE7,EXEC-0003,case-e85ff25b,edge_ot_write_to_plc_state_observation,ot_modbus_write,plc_or_scada_state_observation,The register write should produce an observable PLC/SCADA state change.,recovered,1.0,0.125,not_computed,not_required,supported,verified,plc_state_observation,app_core/infrastructure/forensics/evidence_store/CASE-20260729-183122/analysis/06_ot/ot_findings.json,,app_core/infrastructure/forensics/evidence_store/CASE-20260729-183122/analysis/06_ot/ot_findings.json,,False,False,ot_findings.json already covers this; confirm function code=16 and register/value.
CMP-20260729-130859-8DE7,EXEC-0003,case-e85ff25b,edge_detection_surface_to_alert_observation,detection_surface,alert_observation,The detection surface produces an alert observable by the SIEM/alert pipeline.,ambiguous,1.0,0.0625,not_computed,ambiguous,supported,verified,detection_attestation; alert_correlation,foc-reconstruction/attestations/detection_attestation.json#910836102; foc-reconstruction/attestations/alert_correlation.json#alr-bc4c82dd,,foc-reconstruction/attestations/detection_attestation.json#910836102; foc-reconstruction/attestations/alert_correlation.json#alr-bc4c82dd,Temporal resolution between detection and alert observation is limited (temporal_status=unknown).,False,False,Normalize detection_observed_at_utc vs alert_observed_at_utc in normalized_causal_timestamps.json.
CMP-20260729-130859-8DE7,EXEC-0003,case-e85ff25b,edge_alert_observation_to_forensic_case,alert_observation,forensic_case,The observed alert triggers forensic intervention and creates the forensic case.,recovered,1.0,0.125,not_computed,supported,supported,verified,alert_correlation; forensic_intervention,foc-reconstruction/attestations/alert_correlation.json#alr-bc4c82dd; app_core/infrastructure/forensics/evidence_store/CASE-20260729-183122/metadata/forensic_intervention.json,,foc-reconstruction/attestations/alert_correlation.json#alr-bc4c82dd; app_core/infrastructure/forensics/evidence_store/CASE-20260729-183122/metadata/forensic_intervention.json,forensic_intervention.json does not carry the trigger_alert_id → case_id causal chain.,False,False,"forensic_intervention.json must explicitly link trigger_alert_id → case_id. Currently, the artifact exists but the causal link to the triggering alert is not resolved."
CMP-20260729-130859-8DE7,EXEC-0003,case-e85ff25b,edge_forensic_case_to_preserved_case_evidence,forensic_case,preserved_case_evidence,"The forensic case maps to concrete preserved evidence (manifest, custody chain, artifacts).",recovered,1.0,0.125,not_computed,supported,supported,verified,forensic_intervention; case_manifest_link; manifest; chain_of_custody,app_core/infrastructure/forensics/evidence_store/CASE-20260729-183122/metadata/forensic_intervention.json; foc-reconstruction/attestations/case_manifest_link.json; app_core/infrastructure/forensics/evidence_store/CASE-20260729-183122/manifest.json; app_core/infrastructure/forensics/evidence_store/CASE-20260729-183122/chain_of_custody.log,,app_core/infrastructure/forensics/evidence_store/CASE-20260729-183122/metadata/forensic_intervention.json; foc-reconstruction/attestations/case_manifest_link.json; app_core/infrastructure/forensics/evidence_store/CASE-20260729-183122/manifest.json; app_core/infrastructure/forensics/evidence_store/CASE-20260729-183122/chain_of_custody.log,forensic_intervention.json exists but does not contain the explicit case_id → preserved_case_directory → manifest link needed for causal traceability.,False,False,forensic_intervention.json must contain preserved_case_directory and link to manifest.json. This creates the causal chain: alert → intervention → case → evidence.
CMP-20260729-130859-8DE7,EXEC-0003,case-e85ff25b,edge_preserved_case_evidence_to_multilayer_analysis,preserved_case_evidence,multilayer_analysis,Preserved evidence is consumed by the multilayer forensic analysis pipeline.,recovered,1.0,0.125,not_computed,supported,supported,verified,manifest; chain_of_custody; forensic_analysis_report; analysis_visual_summary; memory_analysis_useful,app_core/infrastructure/forensics/evidence_store/CASE-20260729-183122/manifest.json; app_core/infrastructure/forensics/evidence_store/CASE-20260729-183122/chain_of_custody.log; app_core/infrastructure/forensics/evidence_store/CASE-20260729-183122/analysis/forensic_analysis_report.json; app_core/infrastructure/forensics/evidence_store/CASE-20260729-183122/analysis/visual/analysis_visual_summary.json; app_core/infrastructure/forensics/evidence_store/CASE-20260729-183122/analysis/04_memory/memory_findings.json,,app_core/infrastructure/forensics/evidence_store/CASE-20260729-183122/manifest.json; app_core/infrastructure/forensics/evidence_store/CASE-20260729-183122/chain_of_custody.log; app_core/infrastructure/forensics/evidence_store/CASE-20260729-183122/analysis/forensic_analysis_report.json; app_core/infrastructure/forensics/evidence_store/CASE-20260729-183122/analysis/visual/analysis_visual_summary.json; app_core/infrastructure/forensics/evidence_store/CASE-20260729-183122/analysis/04_memory/memory_findings.json,,False,False,forensic_analysis_report.json and analysis_visual_summary.json cover this edge.
CMP-20260729-130859-8DE7,EXEC-0004,case-df8b8c91,edge_attack_execution_to_ot_write,attack_execution,ot_modbus_write,The T0831 attack execution issues an unauthorized Modbus write to the PLC register.,recovered,1.0,0.125,not_computed,supported,supported,verified,attack_attestation; network_modbus_observation,foc-reconstruction/attestations/attack_attestation.json#atk-6402b8e1; app_core/infrastructure/forensics/evidence_store/CASE-20260729-205854/analysis/03_network/network_findings.json,,foc-reconstruction/attestations/attack_attestation.json#atk-6402b8e1; app_core/infrastructure/forensics/evidence_store/CASE-20260729-205854/analysis/03_network/network_findings.json,,False,False,Confirm attack_attestation.json references the write function code and register.
CMP-20260729-130859-8DE7,EXEC-0004,case-df8b8c91,edge_ot_write_to_network_modbus_write,ot_modbus_write,network_modbus_write,The write instruction should produce observable Modbus TCP traffic capturable by IDS.,recovered,1.0,0.125,not_computed,not_required,supported,verified,network_modbus_observation,app_core/infrastructure/forensics/evidence_store/CASE-20260729-205854/analysis/03_network/network_findings.json,,app_core/infrastructure/forensics/evidence_store/CASE-20260729-205854/analysis/03_network/network_findings.json,,False,False,Verify OT export PCAP contains the Modbus write function code and target register.
CMP-20260729-130859-8DE7,EXEC-0004,case-df8b8c91,edge_network_modbus_write_to_detection_surface,network_modbus_write,detection_surface,Observable Modbus traffic reaches the detection surface (Suricata/Wazuh).,recovered,1.0,0.125,not_computed,supported,supported,verified,attack_attestation; detection_attestation,foc-reconstruction/attestations/attack_attestation.json#atk-6402b8e1; foc-reconstruction/attestations/detection_attestation.json#910836102,,foc-reconstruction/attestations/attack_attestation.json#atk-6402b8e1; foc-reconstruction/attestations/detection_attestation.json#910836102,Temporal link between network traffic and detection surface is unresolved (temporal_status=unknown).,False,False,Resolve UTC timestamp gap between attack_started_at and network_event_observed_at.
CMP-20260729-130859-8DE7,EXEC-0004,case-df8b8c91,edge_ot_write_to_plc_state_observation,ot_modbus_write,plc_or_scada_state_observation,The register write should produce an observable PLC/SCADA state change.,recovered,1.0,0.125,not_computed,not_required,supported,verified,plc_state_observation,app_core/infrastructure/forensics/evidence_store/CASE-20260729-205854/analysis/06_ot/ot_findings.json,,app_core/infrastructure/forensics/evidence_store/CASE-20260729-205854/analysis/06_ot/ot_findings.json,,False,False,ot_findings.json already covers this; confirm function code=16 and register/value.
CMP-20260729-130859-8DE7,EXEC-0004,case-df8b8c91,edge_detection_surface_to_alert_observation,detection_surface,alert_observation,The detection surface produces an alert observable by the SIEM/alert pipeline.,ambiguous,1.0,0.0625,not_computed,ambiguous,supported,verified,detection_attestation; alert_correlation,foc-reconstruction/attestations/detection_attestation.json#910836102; foc-reconstruction/attestations/alert_correlation.json#alr-bc4c82dd,,foc-reconstruction/attestations/detection_attestation.json#910836102; foc-reconstruction/attestations/alert_correlation.json#alr-bc4c82dd,Temporal resolution between detection and alert observation is limited (temporal_status=unknown).,False,False,Normalize detection_observed_at_utc vs alert_observed_at_utc in normalized_causal_timestamps.json.
CMP-20260729-130859-8DE7,EXEC-0004,case-df8b8c91,edge_alert_observation_to_forensic_case,alert_observation,forensic_case,The observed alert triggers forensic intervention and creates the forensic case.,recovered,1.0,0.125,not_computed,supported,supported,verified,alert_correlation; forensic_intervention,foc-reconstruction/attestations/alert_correlation.json#alr-bc4c82dd; app_core/infrastructure/forensics/evidence_store/CASE-20260729-205854/metadata/forensic_intervention.json,,foc-reconstruction/attestations/alert_correlation.json#alr-bc4c82dd; app_core/infrastructure/forensics/evidence_store/CASE-20260729-205854/metadata/forensic_intervention.json,forensic_intervention.json does not carry the trigger_alert_id → case_id causal chain.,False,False,"forensic_intervention.json must explicitly link trigger_alert_id → case_id. Currently, the artifact exists but the causal link to the triggering alert is not resolved."
CMP-20260729-130859-8DE7,EXEC-0004,case-df8b8c91,edge_forensic_case_to_preserved_case_evidence,forensic_case,preserved_case_evidence,"The forensic case maps to concrete preserved evidence (manifest, custody chain, artifacts).",recovered,1.0,0.125,not_computed,supported,supported,verified,forensic_intervention; case_manifest_link; manifest; chain_of_custody,app_core/infrastructure/forensics/evidence_store/CASE-20260729-205854/metadata/forensic_intervention.json; foc-reconstruction/attestations/case_manifest_link.json; app_core/infrastructure/forensics/evidence_store/CASE-20260729-205854/manifest.json; app_core/infrastructure/forensics/evidence_store/CASE-20260729-205854/chain_of_custody.log,,app_core/infrastructure/forensics/evidence_store/CASE-20260729-205854/metadata/forensic_intervention.json; foc-reconstruction/attestations/case_manifest_link.json; app_core/infrastructure/forensics/evidence_store/CASE-20260729-205854/manifest.json; app_core/infrastructure/forensics/evidence_store/CASE-20260729-205854/chain_of_custody.log,forensic_intervention.json exists but does not contain the explicit case_id → preserved_case_directory → manifest link needed for causal traceability.,False,False,forensic_intervention.json must contain preserved_case_directory and link to manifest.json. This creates the causal chain: alert → intervention → case → evidence.
CMP-20260729-130859-8DE7,EXEC-0004,case-df8b8c91,edge_preserved_case_evidence_to_multilayer_analysis,preserved_case_evidence,multilayer_analysis,Preserved evidence is consumed by the multilayer forensic analysis pipeline.,recovered,1.0,0.125,not_computed,supported,supported,verified,manifest; chain_of_custody; forensic_analysis_report; analysis_visual_summary; memory_analysis_useful,app_core/infrastructure/forensics/evidence_store/CASE-20260729-205854/manifest.json; app_core/infrastructure/forensics/evidence_store/CASE-20260729-205854/chain_of_custody.log; app_core/infrastructure/forensics/evidence_store/CASE-20260729-205854/analysis/forensic_analysis_report.json; app_core/infrastructure/forensics/evidence_store/CASE-20260729-205854/analysis/visual/analysis_visual_summary.json; app_core/infrastructure/forensics/evidence_store/CASE-20260729-205854/analysis/04_memory/memory_findings.json,,app_core/infrastructure/forensics/evidence_store/CASE-20260729-205854/manifest.json; app_core/infrastructure/forensics/evidence_store/CASE-20260729-205854/chain_of_custody.log; app_core/infrastructure/forensics/evidence_store/CASE-20260729-205854/analysis/forensic_analysis_report.json; app_core/infrastructure/forensics/evidence_store/CASE-20260729-205854/analysis/visual/analysis_visual_summary.json; app_core/infrastructure/forensics/evidence_store/CASE-20260729-205854/analysis/04_memory/memory_findings.json,,False,False,forensic_analysis_report.json and analysis_visual_summary.json cover this edge.
CMP-20260729-130859-8DE7,EXEC-0005,case-4a29cf39,edge_attack_execution_to_ot_write,attack_execution,ot_modbus_write,The T0831 attack execution issues an unauthorized Modbus write to the PLC register.,recovered,1.0,0.125,not_computed,supported,supported,verified,attack_attestation; network_modbus_observation,foc-reconstruction/attestations/attack_attestation.json#atk-6402b8e1; app_core/infrastructure/forensics/evidence_store/CASE-20260729-231912/analysis/03_network/network_findings.json,,foc-reconstruction/attestations/attack_attestation.json#atk-6402b8e1; app_core/infrastructure/forensics/evidence_store/CASE-20260729-231912/analysis/03_network/network_findings.json,,False,False,Confirm attack_attestation.json references the write function code and register.
CMP-20260729-130859-8DE7,EXEC-0005,case-4a29cf39,edge_ot_write_to_network_modbus_write,ot_modbus_write,network_modbus_write,The write instruction should produce observable Modbus TCP traffic capturable by IDS.,recovered,1.0,0.125,not_computed,not_required,supported,verified,network_modbus_observation,app_core/infrastructure/forensics/evidence_store/CASE-20260729-231912/analysis/03_network/network_findings.json,,app_core/infrastructure/forensics/evidence_store/CASE-20260729-231912/analysis/03_network/network_findings.json,,False,False,Verify OT export PCAP contains the Modbus write function code and target register.
CMP-20260729-130859-8DE7,EXEC-0005,case-4a29cf39,edge_network_modbus_write_to_detection_surface,network_modbus_write,detection_surface,Observable Modbus traffic reaches the detection surface (Suricata/Wazuh).,recovered,1.0,0.125,not_computed,supported,supported,verified,attack_attestation; detection_attestation,foc-reconstruction/attestations/attack_attestation.json#atk-6402b8e1; foc-reconstruction/attestations/detection_attestation.json#910836102,,foc-reconstruction/attestations/attack_attestation.json#atk-6402b8e1; foc-reconstruction/attestations/detection_attestation.json#910836102,Temporal link between network traffic and detection surface is unresolved (temporal_status=unknown).,False,False,Resolve UTC timestamp gap between attack_started_at and network_event_observed_at.
CMP-20260729-130859-8DE7,EXEC-0005,case-4a29cf39,edge_ot_write_to_plc_state_observation,ot_modbus_write,plc_or_scada_state_observation,The register write should produce an observable PLC/SCADA state change.,degraded,1.0,0.0625,not_computed,not_required,partial,verified,plc_state_observation,app_core/infrastructure/forensics/evidence_store/CASE-20260729-231912/analysis/06_ot/ot_findings.json,,app_core/infrastructure/forensics/evidence_store/CASE-20260729-231912/analysis/06_ot/ot_findings.json,,True,False,ot_findings.json already covers this; confirm function code=16 and register/value.
CMP-20260729-130859-8DE7,EXEC-0005,case-4a29cf39,edge_detection_surface_to_alert_observation,detection_surface,alert_observation,The detection surface produces an alert observable by the SIEM/alert pipeline.,ambiguous,1.0,0.0625,not_computed,ambiguous,supported,verified,detection_attestation; alert_correlation,foc-reconstruction/attestations/detection_attestation.json#910836102; foc-reconstruction/attestations/alert_correlation.json#alr-bc4c82dd,,foc-reconstruction/attestations/detection_attestation.json#910836102; foc-reconstruction/attestations/alert_correlation.json#alr-bc4c82dd,Temporal resolution between detection and alert observation is limited (temporal_status=unknown).,False,False,Normalize detection_observed_at_utc vs alert_observed_at_utc in normalized_causal_timestamps.json.
CMP-20260729-130859-8DE7,EXEC-0005,case-4a29cf39,edge_alert_observation_to_forensic_case,alert_observation,forensic_case,The observed alert triggers forensic intervention and creates the forensic case.,recovered,1.0,0.125,not_computed,supported,supported,verified,alert_correlation; forensic_intervention,foc-reconstruction/attestations/alert_correlation.json#alr-bc4c82dd; app_core/infrastructure/forensics/evidence_store/CASE-20260729-231912/metadata/forensic_intervention.json,,foc-reconstruction/attestations/alert_correlation.json#alr-bc4c82dd; app_core/infrastructure/forensics/evidence_store/CASE-20260729-231912/metadata/forensic_intervention.json,forensic_intervention.json does not carry the trigger_alert_id → case_id causal chain.,False,False,"forensic_intervention.json must explicitly link trigger_alert_id → case_id. Currently, the artifact exists but the causal link to the triggering alert is not resolved."
CMP-20260729-130859-8DE7,EXEC-0005,case-4a29cf39,edge_forensic_case_to_preserved_case_evidence,forensic_case,preserved_case_evidence,"The forensic case maps to concrete preserved evidence (manifest, custody chain, artifacts).",recovered,1.0,0.125,not_computed,supported,supported,verified,forensic_intervention; case_manifest_link; manifest; chain_of_custody,app_core/infrastructure/forensics/evidence_store/CASE-20260729-231912/metadata/forensic_intervention.json; foc-reconstruction/attestations/case_manifest_link.json; app_core/infrastructure/forensics/evidence_store/CASE-20260729-231912/manifest.json; app_core/infrastructure/forensics/evidence_store/CASE-20260729-231912/chain_of_custody.log,,app_core/infrastructure/forensics/evidence_store/CASE-20260729-231912/metadata/forensic_intervention.json; foc-reconstruction/attestations/case_manifest_link.json; app_core/infrastructure/forensics/evidence_store/CASE-20260729-231912/manifest.json; app_core/infrastructure/forensics/evidence_store/CASE-20260729-231912/chain_of_custody.log,forensic_intervention.json exists but does not contain the explicit case_id → preserved_case_directory → manifest link needed for causal traceability.,False,False,forensic_intervention.json must contain preserved_case_directory and link to manifest.json. This creates the causal chain: alert → intervention → case → evidence.
CMP-20260729-130859-8DE7,EXEC-0005,case-4a29cf39,edge_preserved_case_evidence_to_multilayer_analysis,preserved_case_evidence,multilayer_analysis,Preserved evidence is consumed by the multilayer forensic analysis pipeline.,recovered,1.0,0.125,not_computed,supported,supported,verified,manifest; chain_of_custody; forensic_analysis_report; analysis_visual_summary; memory_analysis_useful,app_core/infrastructure/forensics/evidence_store/CASE-20260729-231912/manifest.json; app_core/infrastructure/forensics/evidence_store/CASE-20260729-231912/chain_of_custody.log; app_core/infrastructure/forensics/evidence_store/CASE-20260729-231912/analysis/forensic_analysis_report.json; app_core/infrastructure/forensics/evidence_store/CASE-20260729-231912/analysis/visual/analysis_visual_summary.json; app_core/infrastructure/forensics/evidence_store/CASE-20260729-231912/analysis/04_memory/memory_findings.json,,app_core/infrastructure/forensics/evidence_store/CASE-20260729-231912/manifest.json; app_core/infrastructure/forensics/evidence_store/CASE-20260729-231912/chain_of_custody.log; app_core/infrastructure/forensics/evidence_store/CASE-20260729-231912/analysis/forensic_analysis_report.json; app_core/infrastructure/forensics/evidence_store/CASE-20260729-231912/analysis/visual/analysis_visual_summary.json; app_core/infrastructure/forensics/evidence_store/CASE-20260729-231912/analysis/04_memory/memory_findings.json,,False,False,forensic_analysis_report.json and analysis_visual_summary.json cover this edge.
CMP-20260729-130859-8DE7,EXEC-0006,case-56da68e9,edge_attack_execution_to_ot_write,attack_execution,ot_modbus_write,The T0831 attack execution issues an unauthorized Modbus write to the PLC register.,recovered,1.0,0.125,not_computed,supported,supported,verified,attack_attestation; network_modbus_observation,foc-reconstruction/attestations/attack_attestation.json#atk-6402b8e1; app_core/infrastructure/forensics/evidence_store/CASE-20260730-012039/analysis/03_network/network_findings.json,,foc-reconstruction/attestations/attack_attestation.json#atk-6402b8e1; app_core/infrastructure/forensics/evidence_store/CASE-20260730-012039/analysis/03_network/network_findings.json,,False,False,Confirm attack_attestation.json references the write function code and register.
CMP-20260729-130859-8DE7,EXEC-0006,case-56da68e9,edge_ot_write_to_network_modbus_write,ot_modbus_write,network_modbus_write,The write instruction should produce observable Modbus TCP traffic capturable by IDS.,recovered,1.0,0.125,not_computed,not_required,supported,verified,network_modbus_observation,app_core/infrastructure/forensics/evidence_store/CASE-20260730-012039/analysis/03_network/network_findings.json,,app_core/infrastructure/forensics/evidence_store/CASE-20260730-012039/analysis/03_network/network_findings.json,,False,False,Verify OT export PCAP contains the Modbus write function code and target register.
CMP-20260729-130859-8DE7,EXEC-0006,case-56da68e9,edge_network_modbus_write_to_detection_surface,network_modbus_write,detection_surface,Observable Modbus traffic reaches the detection surface (Suricata/Wazuh).,recovered,1.0,0.125,not_computed,supported,supported,verified,attack_attestation; detection_attestation,foc-reconstruction/attestations/attack_attestation.json#atk-6402b8e1; foc-reconstruction/attestations/detection_attestation.json#910836102,,foc-reconstruction/attestations/attack_attestation.json#atk-6402b8e1; foc-reconstruction/attestations/detection_attestation.json#910836102,Temporal link between network traffic and detection surface is unresolved (temporal_status=unknown).,False,False,Resolve UTC timestamp gap between attack_started_at and network_event_observed_at.
CMP-20260729-130859-8DE7,EXEC-0006,case-56da68e9,edge_ot_write_to_plc_state_observation,ot_modbus_write,plc_or_scada_state_observation,The register write should produce an observable PLC/SCADA state change.,recovered,1.0,0.125,not_computed,not_required,supported,verified,plc_state_observation,app_core/infrastructure/forensics/evidence_store/CASE-20260730-012039/analysis/06_ot/ot_findings.json,,app_core/infrastructure/forensics/evidence_store/CASE-20260730-012039/analysis/06_ot/ot_findings.json,,False,False,ot_findings.json already covers this; confirm function code=16 and register/value.
CMP-20260729-130859-8DE7,EXEC-0006,case-56da68e9,edge_detection_surface_to_alert_observation,detection_surface,alert_observation,The detection surface produces an alert observable by the SIEM/alert pipeline.,ambiguous,1.0,0.0625,not_computed,ambiguous,supported,verified,detection_attestation; alert_correlation,foc-reconstruction/attestations/detection_attestation.json#910836102; foc-reconstruction/attestations/alert_correlation.json#alr-bc4c82dd,,foc-reconstruction/attestations/detection_attestation.json#910836102; foc-reconstruction/attestations/alert_correlation.json#alr-bc4c82dd,Temporal resolution between detection and alert observation is limited (temporal_status=unknown).,False,False,Normalize detection_observed_at_utc vs alert_observed_at_utc in normalized_causal_timestamps.json.
CMP-20260729-130859-8DE7,EXEC-0006,case-56da68e9,edge_alert_observation_to_forensic_case,alert_observation,forensic_case,The observed alert triggers forensic intervention and creates the forensic case.,recovered,1.0,0.125,not_computed,supported,supported,verified,alert_correlation; forensic_intervention,foc-reconstruction/attestations/alert_correlation.json#alr-bc4c82dd; app_core/infrastructure/forensics/evidence_store/CASE-20260730-012039/metadata/forensic_intervention.json,,foc-reconstruction/attestations/alert_correlation.json#alr-bc4c82dd; app_core/infrastructure/forensics/evidence_store/CASE-20260730-012039/metadata/forensic_intervention.json,forensic_intervention.json does not carry the trigger_alert_id → case_id causal chain.,False,False,"forensic_intervention.json must explicitly link trigger_alert_id → case_id. Currently, the artifact exists but the causal link to the triggering alert is not resolved."
CMP-20260729-130859-8DE7,EXEC-0006,case-56da68e9,edge_forensic_case_to_preserved_case_evidence,forensic_case,preserved_case_evidence,"The forensic case maps to concrete preserved evidence (manifest, custody chain, artifacts).",recovered,1.0,0.125,not_computed,supported,supported,verified,forensic_intervention; case_manifest_link; manifest; chain_of_custody,app_core/infrastructure/forensics/evidence_store/CASE-20260730-012039/metadata/forensic_intervention.json; foc-reconstruction/attestations/case_manifest_link.json; app_core/infrastructure/forensics/evidence_store/CASE-20260730-012039/manifest.json; app_core/infrastructure/forensics/evidence_store/CASE-20260730-012039/chain_of_custody.log,,app_core/infrastructure/forensics/evidence_store/CASE-20260730-012039/metadata/forensic_intervention.json; foc-reconstruction/attestations/case_manifest_link.json; app_core/infrastructure/forensics/evidence_store/CASE-20260730-012039/manifest.json; app_core/infrastructure/forensics/evidence_store/CASE-20260730-012039/chain_of_custody.log,forensic_intervention.json exists but does not contain the explicit case_id → preserved_case_directory → manifest link needed for causal traceability.,False,False,forensic_intervention.json must contain preserved_case_directory and link to manifest.json. This creates the causal chain: alert → intervention → case → evidence.
CMP-20260729-130859-8DE7,EXEC-0006,case-56da68e9,edge_preserved_case_evidence_to_multilayer_analysis,preserved_case_evidence,multilayer_analysis,Preserved evidence is consumed by the multilayer forensic analysis pipeline.,recovered,1.0,0.125,not_computed,supported,supported,verified,manifest; chain_of_custody; forensic_analysis_report; analysis_visual_summary; memory_analysis_useful,app_core/infrastructure/forensics/evidence_store/CASE-20260730-012039/manifest.json; app_core/infrastructure/forensics/evidence_store/CASE-20260730-012039/chain_of_custody.log; app_core/infrastructure/forensics/evidence_store/CASE-20260730-012039/analysis/forensic_analysis_report.json; app_core/infrastructure/forensics/evidence_store/CASE-20260730-012039/analysis/visual/analysis_visual_summary.json; app_core/infrastructure/forensics/evidence_store/CASE-20260730-012039/analysis/04_memory/memory_findings.json,,app_core/infrastructure/forensics/evidence_store/CASE-20260730-012039/manifest.json; app_core/infrastructure/forensics/evidence_store/CASE-20260730-012039/chain_of_custody.log; app_core/infrastructure/forensics/evidence_store/CASE-20260730-012039/analysis/forensic_analysis_report.json; app_core/infrastructure/forensics/evidence_store/CASE-20260730-012039/analysis/visual/analysis_visual_summary.json; app_core/infrastructure/forensics/evidence_store/CASE-20260730-012039/analysis/04_memory/memory_findings.json,,False,False,forensic_analysis_report.json and analysis_visual_summary.json cover this edge.
CMP-20260729-130859-8DE7,EXEC-0007,case-53b49d60,edge_attack_execution_to_ot_write,attack_execution,ot_modbus_write,The T0831 attack execution issues an unauthorized Modbus write to the PLC register.,recovered,1.0,0.125,not_computed,supported,supported,verified,attack_attestation; network_modbus_observation,foc-reconstruction/attestations/attack_attestation.json#atk-6402b8e1; app_core/infrastructure/forensics/evidence_store/CASE-20260730-033619/analysis/03_network/network_findings.json,,foc-reconstruction/attestations/attack_attestation.json#atk-6402b8e1; app_core/infrastructure/forensics/evidence_store/CASE-20260730-033619/analysis/03_network/network_findings.json,,False,False,Confirm attack_attestation.json references the write function code and register.
CMP-20260729-130859-8DE7,EXEC-0007,case-53b49d60,edge_ot_write_to_network_modbus_write,ot_modbus_write,network_modbus_write,The write instruction should produce observable Modbus TCP traffic capturable by IDS.,recovered,1.0,0.125,not_computed,not_required,supported,verified,network_modbus_observation,app_core/infrastructure/forensics/evidence_store/CASE-20260730-033619/analysis/03_network/network_findings.json,,app_core/infrastructure/forensics/evidence_store/CASE-20260730-033619/analysis/03_network/network_findings.json,,False,False,Verify OT export PCAP contains the Modbus write function code and target register.
CMP-20260729-130859-8DE7,EXEC-0007,case-53b49d60,edge_network_modbus_write_to_detection_surface,network_modbus_write,detection_surface,Observable Modbus traffic reaches the detection surface (Suricata/Wazuh).,recovered,1.0,0.125,not_computed,supported,supported,verified,attack_attestation; detection_attestation,foc-reconstruction/attestations/attack_attestation.json#atk-6402b8e1; foc-reconstruction/attestations/detection_attestation.json#910836102,,foc-reconstruction/attestations/attack_attestation.json#atk-6402b8e1; foc-reconstruction/attestations/detection_attestation.json#910836102,Temporal link between network traffic and detection surface is unresolved (temporal_status=unknown).,False,False,Resolve UTC timestamp gap between attack_started_at and network_event_observed_at.
CMP-20260729-130859-8DE7,EXEC-0007,case-53b49d60,edge_ot_write_to_plc_state_observation,ot_modbus_write,plc_or_scada_state_observation,The register write should produce an observable PLC/SCADA state change.,recovered,1.0,0.125,not_computed,not_required,supported,verified,plc_state_observation,app_core/infrastructure/forensics/evidence_store/CASE-20260730-033619/analysis/06_ot/ot_findings.json,,app_core/infrastructure/forensics/evidence_store/CASE-20260730-033619/analysis/06_ot/ot_findings.json,,False,False,ot_findings.json already covers this; confirm function code=16 and register/value.
CMP-20260729-130859-8DE7,EXEC-0007,case-53b49d60,edge_detection_surface_to_alert_observation,detection_surface,alert_observation,The detection surface produces an alert observable by the SIEM/alert pipeline.,ambiguous,1.0,0.0625,not_computed,ambiguous,supported,verified,detection_attestation; alert_correlation,foc-reconstruction/attestations/detection_attestation.json#910836102; foc-reconstruction/attestations/alert_correlation.json#alr-bc4c82dd,,foc-reconstruction/attestations/detection_attestation.json#910836102; foc-reconstruction/attestations/alert_correlation.json#alr-bc4c82dd,Temporal resolution between detection and alert observation is limited (temporal_status=unknown).,False,False,Normalize detection_observed_at_utc vs alert_observed_at_utc in normalized_causal_timestamps.json.
CMP-20260729-130859-8DE7,EXEC-0007,case-53b49d60,edge_alert_observation_to_forensic_case,alert_observation,forensic_case,The observed alert triggers forensic intervention and creates the forensic case.,recovered,1.0,0.125,not_computed,supported,supported,verified,alert_correlation; forensic_intervention,foc-reconstruction/attestations/alert_correlation.json#alr-bc4c82dd; app_core/infrastructure/forensics/evidence_store/CASE-20260730-033619/metadata/forensic_intervention.json,,foc-reconstruction/attestations/alert_correlation.json#alr-bc4c82dd; app_core/infrastructure/forensics/evidence_store/CASE-20260730-033619/metadata/forensic_intervention.json,forensic_intervention.json does not carry the trigger_alert_id → case_id causal chain.,False,False,"forensic_intervention.json must explicitly link trigger_alert_id → case_id. Currently, the artifact exists but the causal link to the triggering alert is not resolved."
CMP-20260729-130859-8DE7,EXEC-0007,case-53b49d60,edge_forensic_case_to_preserved_case_evidence,forensic_case,preserved_case_evidence,"The forensic case maps to concrete preserved evidence (manifest, custody chain, artifacts).",recovered,1.0,0.125,not_computed,supported,supported,verified,forensic_intervention; case_manifest_link; manifest; chain_of_custody,app_core/infrastructure/forensics/evidence_store/CASE-20260730-033619/metadata/forensic_intervention.json; foc-reconstruction/attestations/case_manifest_link.json; app_core/infrastructure/forensics/evidence_store/CASE-20260730-033619/manifest.json; app_core/infrastructure/forensics/evidence_store/CASE-20260730-033619/chain_of_custody.log,,app_core/infrastructure/forensics/evidence_store/CASE-20260730-033619/metadata/forensic_intervention.json; foc-reconstruction/attestations/case_manifest_link.json; app_core/infrastructure/forensics/evidence_store/CASE-20260730-033619/manifest.json; app_core/infrastructure/forensics/evidence_store/CASE-20260730-033619/chain_of_custody.log,forensic_intervention.json exists but does not contain the explicit case_id → preserved_case_directory → manifest link needed for causal traceability.,False,False,forensic_intervention.json must contain preserved_case_directory and link to manifest.json. This creates the causal chain: alert → intervention → case → evidence.
CMP-20260729-130859-8DE7,EXEC-0007,case-53b49d60,edge_preserved_case_evidence_to_multilayer_analysis,preserved_case_evidence,multilayer_analysis,Preserved evidence is consumed by the multilayer forensic analysis pipeline.,recovered,1.0,0.125,not_computed,supported,supported,verified,manifest; chain_of_custody; forensic_analysis_report; analysis_visual_summary; memory_analysis_useful,app_core/infrastructure/forensics/evidence_store/CASE-20260730-033619/manifest.json; app_core/infrastructure/forensics/evidence_store/CASE-20260730-033619/chain_of_custody.log; app_core/infrastructure/forensics/evidence_store/CASE-20260730-033619/analysis/forensic_analysis_report.json; app_core/infrastructure/forensics/evidence_store/CASE-20260730-033619/analysis/visual/analysis_visual_summary.json; app_core/infrastructure/forensics/evidence_store/CASE-20260730-033619/analysis/04_memory/memory_findings.json,,app_core/infrastructure/forensics/evidence_store/CASE-20260730-033619/manifest.json; app_core/infrastructure/forensics/evidence_store/CASE-20260730-033619/chain_of_custody.log; app_core/infrastructure/forensics/evidence_store/CASE-20260730-033619/analysis/forensic_analysis_report.json; app_core/infrastructure/forensics/evidence_store/CASE-20260730-033619/analysis/visual/analysis_visual_summary.json; app_core/infrastructure/forensics/evidence_store/CASE-20260730-033619/analysis/04_memory/memory_findings.json,,False,False,forensic_analysis_report.json and analysis_visual_summary.json cover this edge.
CMP-20260729-130859-8DE7,EXEC-0008,case-a4e95a6d,edge_attack_execution_to_ot_write,attack_execution,ot_modbus_write,The T0831 attack execution issues an unauthorized Modbus write to the PLC register.,recovered,1.0,0.125,not_computed,supported,supported,verified,attack_attestation; network_modbus_observation,foc-reconstruction/attestations/attack_attestation.json#atk-6402b8e1; app_core/infrastructure/forensics/evidence_store/CASE-20260730-054147/analysis/03_network/network_findings.json,,foc-reconstruction/attestations/attack_attestation.json#atk-6402b8e1; app_core/infrastructure/forensics/evidence_store/CASE-20260730-054147/analysis/03_network/network_findings.json,,False,False,Confirm attack_attestation.json references the write function code and register.
CMP-20260729-130859-8DE7,EXEC-0008,case-a4e95a6d,edge_ot_write_to_network_modbus_write,ot_modbus_write,network_modbus_write,The write instruction should produce observable Modbus TCP traffic capturable by IDS.,recovered,1.0,0.125,not_computed,not_required,supported,verified,network_modbus_observation,app_core/infrastructure/forensics/evidence_store/CASE-20260730-054147/analysis/03_network/network_findings.json,,app_core/infrastructure/forensics/evidence_store/CASE-20260730-054147/analysis/03_network/network_findings.json,,False,False,Verify OT export PCAP contains the Modbus write function code and target register.
CMP-20260729-130859-8DE7,EXEC-0008,case-a4e95a6d,edge_network_modbus_write_to_detection_surface,network_modbus_write,detection_surface,Observable Modbus traffic reaches the detection surface (Suricata/Wazuh).,recovered,1.0,0.125,not_computed,supported,supported,verified,attack_attestation; detection_attestation,foc-reconstruction/attestations/attack_attestation.json#atk-6402b8e1; foc-reconstruction/attestations/detection_attestation.json#910836102,,foc-reconstruction/attestations/attack_attestation.json#atk-6402b8e1; foc-reconstruction/attestations/detection_attestation.json#910836102,Temporal link between network traffic and detection surface is unresolved (temporal_status=unknown).,False,False,Resolve UTC timestamp gap between attack_started_at and network_event_observed_at.
CMP-20260729-130859-8DE7,EXEC-0008,case-a4e95a6d,edge_ot_write_to_plc_state_observation,ot_modbus_write,plc_or_scada_state_observation,The register write should produce an observable PLC/SCADA state change.,recovered,1.0,0.125,not_computed,not_required,supported,verified,plc_state_observation,app_core/infrastructure/forensics/evidence_store/CASE-20260730-054147/analysis/06_ot/ot_findings.json,,app_core/infrastructure/forensics/evidence_store/CASE-20260730-054147/analysis/06_ot/ot_findings.json,,False,False,ot_findings.json already covers this; confirm function code=16 and register/value.
CMP-20260729-130859-8DE7,EXEC-0008,case-a4e95a6d,edge_detection_surface_to_alert_observation,detection_surface,alert_observation,The detection surface produces an alert observable by the SIEM/alert pipeline.,ambiguous,1.0,0.0625,not_computed,ambiguous,supported,verified,detection_attestation; alert_correlation,foc-reconstruction/attestations/detection_attestation.json#910836102; foc-reconstruction/attestations/alert_correlation.json#alr-bc4c82dd,,foc-reconstruction/attestations/detection_attestation.json#910836102; foc-reconstruction/attestations/alert_correlation.json#alr-bc4c82dd,Temporal resolution between detection and alert observation is limited (temporal_status=unknown).,False,False,Normalize detection_observed_at_utc vs alert_observed_at_utc in normalized_causal_timestamps.json.
CMP-20260729-130859-8DE7,EXEC-0008,case-a4e95a6d,edge_alert_observation_to_forensic_case,alert_observation,forensic_case,The observed alert triggers forensic intervention and creates the forensic case.,recovered,1.0,0.125,not_computed,supported,supported,verified,alert_correlation; forensic_intervention,foc-reconstruction/attestations/alert_correlation.json#alr-bc4c82dd; app_core/infrastructure/forensics/evidence_store/CASE-20260730-054147/metadata/forensic_intervention.json,,foc-reconstruction/attestations/alert_correlation.json#alr-bc4c82dd; app_core/infrastructure/forensics/evidence_store/CASE-20260730-054147/metadata/forensic_intervention.json,forensic_intervention.json does not carry the trigger_alert_id → case_id causal chain.,False,False,"forensic_intervention.json must explicitly link trigger_alert_id → case_id. Currently, the artifact exists but the causal link to the triggering alert is not resolved."
CMP-20260729-130859-8DE7,EXEC-0008,case-a4e95a6d,edge_forensic_case_to_preserved_case_evidence,forensic_case,preserved_case_evidence,"The forensic case maps to concrete preserved evidence (manifest, custody chain, artifacts).",recovered,1.0,0.125,not_computed,supported,supported,verified,forensic_intervention; case_manifest_link; manifest; chain_of_custody,app_core/infrastructure/forensics/evidence_store/CASE-20260730-054147/metadata/forensic_intervention.json; foc-reconstruction/attestations/case_manifest_link.json; app_core/infrastructure/forensics/evidence_store/CASE-20260730-054147/manifest.json; app_core/infrastructure/forensics/evidence_store/CASE-20260730-054147/chain_of_custody.log,,app_core/infrastructure/forensics/evidence_store/CASE-20260730-054147/metadata/forensic_intervention.json; foc-reconstruction/attestations/case_manifest_link.json; app_core/infrastructure/forensics/evidence_store/CASE-20260730-054147/manifest.json; app_core/infrastructure/forensics/evidence_store/CASE-20260730-054147/chain_of_custody.log,forensic_intervention.json exists but does not contain the explicit case_id → preserved_case_directory → manifest link needed for causal traceability.,False,False,forensic_intervention.json must contain preserved_case_directory and link to manifest.json. This creates the causal chain: alert → intervention → case → evidence.
CMP-20260729-130859-8DE7,EXEC-0008,case-a4e95a6d,edge_preserved_case_evidence_to_multilayer_analysis,preserved_case_evidence,multilayer_analysis,Preserved evidence is consumed by the multilayer forensic analysis pipeline.,recovered,1.0,0.125,not_computed,supported,supported,verified,manifest; chain_of_custody; forensic_analysis_report; analysis_visual_summary; memory_analysis_useful,app_core/infrastructure/forensics/evidence_store/CASE-20260730-054147/manifest.json; app_core/infrastructure/forensics/evidence_store/CASE-20260730-054147/chain_of_custody.log; app_core/infrastructure/forensics/evidence_store/CASE-20260730-054147/analysis/forensic_analysis_report.json; app_core/infrastructure/forensics/evidence_store/CASE-20260730-054147/analysis/visual/analysis_visual_summary.json; app_core/infrastructure/forensics/evidence_store/CASE-20260730-054147/analysis/04_memory/memory_findings.json,,app_core/infrastructure/forensics/evidence_store/CASE-20260730-054147/manifest.json; app_core/infrastructure/forensics/evidence_store/CASE-20260730-054147/chain_of_custody.log; app_core/infrastructure/forensics/evidence_store/CASE-20260730-054147/analysis/forensic_analysis_report.json; app_core/infrastructure/forensics/evidence_store/CASE-20260730-054147/analysis/visual/analysis_visual_summary.json; app_core/infrastructure/forensics/evidence_store/CASE-20260730-054147/analysis/04_memory/memory_findings.json,,False,False,forensic_analysis_report.json and analysis_visual_summary.json cover this edge.
CMP-20260729-130859-8DE7,EXEC-0009,case-3d066d9a,edge_attack_execution_to_ot_write,attack_execution,ot_modbus_write,The T0831 attack execution issues an unauthorized Modbus write to the PLC register.,recovered,1.0,0.125,not_computed,supported,supported,verified,attack_attestation; network_modbus_observation,foc-reconstruction/attestations/attack_attestation.json#atk-6402b8e1; app_core/infrastructure/forensics/evidence_store/CASE-20260730-075531/analysis/03_network/network_findings.json,,foc-reconstruction/attestations/attack_attestation.json#atk-6402b8e1; app_core/infrastructure/forensics/evidence_store/CASE-20260730-075531/analysis/03_network/network_findings.json,,False,False,Confirm attack_attestation.json references the write function code and register.
CMP-20260729-130859-8DE7,EXEC-0009,case-3d066d9a,edge_ot_write_to_network_modbus_write,ot_modbus_write,network_modbus_write,The write instruction should produce observable Modbus TCP traffic capturable by IDS.,recovered,1.0,0.125,not_computed,not_required,supported,verified,network_modbus_observation,app_core/infrastructure/forensics/evidence_store/CASE-20260730-075531/analysis/03_network/network_findings.json,,app_core/infrastructure/forensics/evidence_store/CASE-20260730-075531/analysis/03_network/network_findings.json,,False,False,Verify OT export PCAP contains the Modbus write function code and target register.
CMP-20260729-130859-8DE7,EXEC-0009,case-3d066d9a,edge_network_modbus_write_to_detection_surface,network_modbus_write,detection_surface,Observable Modbus traffic reaches the detection surface (Suricata/Wazuh).,recovered,1.0,0.125,not_computed,supported,supported,verified,attack_attestation; detection_attestation,foc-reconstruction/attestations/attack_attestation.json#atk-6402b8e1; foc-reconstruction/attestations/detection_attestation.json#910836102,,foc-reconstruction/attestations/attack_attestation.json#atk-6402b8e1; foc-reconstruction/attestations/detection_attestation.json#910836102,Temporal link between network traffic and detection surface is unresolved (temporal_status=unknown).,False,False,Resolve UTC timestamp gap between attack_started_at and network_event_observed_at.
CMP-20260729-130859-8DE7,EXEC-0009,case-3d066d9a,edge_ot_write_to_plc_state_observation,ot_modbus_write,plc_or_scada_state_observation,The register write should produce an observable PLC/SCADA state change.,recovered,1.0,0.125,not_computed,not_required,supported,verified,plc_state_observation,app_core/infrastructure/forensics/evidence_store/CASE-20260730-075531/analysis/06_ot/ot_findings.json,,app_core/infrastructure/forensics/evidence_store/CASE-20260730-075531/analysis/06_ot/ot_findings.json,,False,False,ot_findings.json already covers this; confirm function code=16 and register/value.
CMP-20260729-130859-8DE7,EXEC-0009,case-3d066d9a,edge_detection_surface_to_alert_observation,detection_surface,alert_observation,The detection surface produces an alert observable by the SIEM/alert pipeline.,ambiguous,1.0,0.0625,not_computed,ambiguous,supported,verified,detection_attestation; alert_correlation,foc-reconstruction/attestations/detection_attestation.json#910836102; foc-reconstruction/attestations/alert_correlation.json#alr-bc4c82dd,,foc-reconstruction/attestations/detection_attestation.json#910836102; foc-reconstruction/attestations/alert_correlation.json#alr-bc4c82dd,Temporal resolution between detection and alert observation is limited (temporal_status=unknown).,False,False,Normalize detection_observed_at_utc vs alert_observed_at_utc in normalized_causal_timestamps.json.
CMP-20260729-130859-8DE7,EXEC-0009,case-3d066d9a,edge_alert_observation_to_forensic_case,alert_observation,forensic_case,The observed alert triggers forensic intervention and creates the forensic case.,recovered,1.0,0.125,not_computed,supported,supported,verified,alert_correlation; forensic_intervention,foc-reconstruction/attestations/alert_correlation.json#alr-bc4c82dd; app_core/infrastructure/forensics/evidence_store/CASE-20260730-075531/metadata/forensic_intervention.json,,foc-reconstruction/attestations/alert_correlation.json#alr-bc4c82dd; app_core/infrastructure/forensics/evidence_store/CASE-20260730-075531/metadata/forensic_intervention.json,forensic_intervention.json does not carry the trigger_alert_id → case_id causal chain.,False,False,"forensic_intervention.json must explicitly link trigger_alert_id → case_id. Currently, the artifact exists but the causal link to the triggering alert is not resolved."
CMP-20260729-130859-8DE7,EXEC-0009,case-3d066d9a,edge_forensic_case_to_preserved_case_evidence,forensic_case,preserved_case_evidence,"The forensic case maps to concrete preserved evidence (manifest, custody chain, artifacts).",recovered,1.0,0.125,not_computed,supported,supported,verified,forensic_intervention; case_manifest_link; manifest; chain_of_custody,app_core/infrastructure/forensics/evidence_store/CASE-20260730-075531/metadata/forensic_intervention.json; foc-reconstruction/attestations/case_manifest_link.json; app_core/infrastructure/forensics/evidence_store/CASE-20260730-075531/manifest.json; app_core/infrastructure/forensics/evidence_store/CASE-20260730-075531/chain_of_custody.log,,app_core/infrastructure/forensics/evidence_store/CASE-20260730-075531/metadata/forensic_intervention.json; foc-reconstruction/attestations/case_manifest_link.json; app_core/infrastructure/forensics/evidence_store/CASE-20260730-075531/manifest.json; app_core/infrastructure/forensics/evidence_store/CASE-20260730-075531/chain_of_custody.log,forensic_intervention.json exists but does not contain the explicit case_id → preserved_case_directory → manifest link needed for causal traceability.,False,False,forensic_intervention.json must contain preserved_case_directory and link to manifest.json. This creates the causal chain: alert → intervention → case → evidence.
CMP-20260729-130859-8DE7,EXEC-0009,case-3d066d9a,edge_preserved_case_evidence_to_multilayer_analysis,preserved_case_evidence,multilayer_analysis,Preserved evidence is consumed by the multilayer forensic analysis pipeline.,recovered,1.0,0.125,not_computed,supported,supported,verified,manifest; chain_of_custody; forensic_analysis_report; analysis_visual_summary; memory_analysis_useful,app_core/infrastructure/forensics/evidence_store/CASE-20260730-075531/manifest.json; app_core/infrastructure/forensics/evidence_store/CASE-20260730-075531/chain_of_custody.log; app_core/infrastructure/forensics/evidence_store/CASE-20260730-075531/analysis/forensic_analysis_report.json; app_core/infrastructure/forensics/evidence_store/CASE-20260730-075531/analysis/visual/analysis_visual_summary.json; app_core/infrastructure/forensics/evidence_store/CASE-20260730-075531/analysis/04_memory/memory_findings.json,,app_core/infrastructure/forensics/evidence_store/CASE-20260730-075531/manifest.json; app_core/infrastructure/forensics/evidence_store/CASE-20260730-075531/chain_of_custody.log; app_core/infrastructure/forensics/evidence_store/CASE-20260730-075531/analysis/forensic_analysis_report.json; app_core/infrastructure/forensics/evidence_store/CASE-20260730-075531/analysis/visual/analysis_visual_summary.json; app_core/infrastructure/forensics/evidence_store/CASE-20260730-075531/analysis/04_memory/memory_findings.json,,False,False,forensic_analysis_report.json and analysis_visual_summary.json cover this edge.
CMP-20260729-130859-8DE7,EXEC-0010,case-91434382,edge_attack_execution_to_ot_write,attack_execution,ot_modbus_write,The T0831 attack execution issues an unauthorized Modbus write to the PLC register.,recovered,1.0,0.125,not_computed,supported,supported,verified,attack_attestation; network_modbus_observation,foc-reconstruction/attestations/attack_attestation.json#atk-6402b8e1; app_core/infrastructure/forensics/evidence_store/CASE-20260730-101138/analysis/03_network/network_findings.json,,foc-reconstruction/attestations/attack_attestation.json#atk-6402b8e1; app_core/infrastructure/forensics/evidence_store/CASE-20260730-101138/analysis/03_network/network_findings.json,,False,False,Confirm attack_attestation.json references the write function code and register.
CMP-20260729-130859-8DE7,EXEC-0010,case-91434382,edge_ot_write_to_network_modbus_write,ot_modbus_write,network_modbus_write,The write instruction should produce observable Modbus TCP traffic capturable by IDS.,recovered,1.0,0.125,not_computed,not_required,supported,verified,network_modbus_observation,app_core/infrastructure/forensics/evidence_store/CASE-20260730-101138/analysis/03_network/network_findings.json,,app_core/infrastructure/forensics/evidence_store/CASE-20260730-101138/analysis/03_network/network_findings.json,,False,False,Verify OT export PCAP contains the Modbus write function code and target register.
CMP-20260729-130859-8DE7,EXEC-0010,case-91434382,edge_network_modbus_write_to_detection_surface,network_modbus_write,detection_surface,Observable Modbus traffic reaches the detection surface (Suricata/Wazuh).,recovered,1.0,0.125,not_computed,supported,supported,verified,attack_attestation; detection_attestation,foc-reconstruction/attestations/attack_attestation.json#atk-6402b8e1; foc-reconstruction/attestations/detection_attestation.json#910836102,,foc-reconstruction/attestations/attack_attestation.json#atk-6402b8e1; foc-reconstruction/attestations/detection_attestation.json#910836102,Temporal link between network traffic and detection surface is unresolved (temporal_status=unknown).,False,False,Resolve UTC timestamp gap between attack_started_at and network_event_observed_at.
CMP-20260729-130859-8DE7,EXEC-0010,case-91434382,edge_ot_write_to_plc_state_observation,ot_modbus_write,plc_or_scada_state_observation,The register write should produce an observable PLC/SCADA state change.,degraded,1.0,0.0625,not_computed,not_required,partial,verified,plc_state_observation,app_core/infrastructure/forensics/evidence_store/CASE-20260730-101138/analysis/06_ot/ot_findings.json,,app_core/infrastructure/forensics/evidence_store/CASE-20260730-101138/analysis/06_ot/ot_findings.json,,True,False,ot_findings.json already covers this; confirm function code=16 and register/value.
CMP-20260729-130859-8DE7,EXEC-0010,case-91434382,edge_detection_surface_to_alert_observation,detection_surface,alert_observation,The detection surface produces an alert observable by the SIEM/alert pipeline.,ambiguous,1.0,0.0625,not_computed,ambiguous,supported,verified,detection_attestation; alert_correlation,foc-reconstruction/attestations/detection_attestation.json#910836102; foc-reconstruction/attestations/alert_correlation.json#alr-bc4c82dd,,foc-reconstruction/attestations/detection_attestation.json#910836102; foc-reconstruction/attestations/alert_correlation.json#alr-bc4c82dd,Temporal resolution between detection and alert observation is limited (temporal_status=unknown).,False,False,Normalize detection_observed_at_utc vs alert_observed_at_utc in normalized_causal_timestamps.json.
CMP-20260729-130859-8DE7,EXEC-0010,case-91434382,edge_alert_observation_to_forensic_case,alert_observation,forensic_case,The observed alert triggers forensic intervention and creates the forensic case.,recovered,1.0,0.125,not_computed,supported,supported,verified,alert_correlation; forensic_intervention,foc-reconstruction/attestations/alert_correlation.json#alr-bc4c82dd; app_core/infrastructure/forensics/evidence_store/CASE-20260730-101138/metadata/forensic_intervention.json,,foc-reconstruction/attestations/alert_correlation.json#alr-bc4c82dd; app_core/infrastructure/forensics/evidence_store/CASE-20260730-101138/metadata/forensic_intervention.json,forensic_intervention.json does not carry the trigger_alert_id → case_id causal chain.,False,False,"forensic_intervention.json must explicitly link trigger_alert_id → case_id. Currently, the artifact exists but the causal link to the triggering alert is not resolved."
CMP-20260729-130859-8DE7,EXEC-0010,case-91434382,edge_forensic_case_to_preserved_case_evidence,forensic_case,preserved_case_evidence,"The forensic case maps to concrete preserved evidence (manifest, custody chain, artifacts).",recovered,1.0,0.125,not_computed,supported,supported,verified,forensic_intervention; case_manifest_link; manifest; chain_of_custody,app_core/infrastructure/forensics/evidence_store/CASE-20260730-101138/metadata/forensic_intervention.json; foc-reconstruction/attestations/case_manifest_link.json; app_core/infrastructure/forensics/evidence_store/CASE-20260730-101138/manifest.json; app_core/infrastructure/forensics/evidence_store/CASE-20260730-101138/chain_of_custody.log,,app_core/infrastructure/forensics/evidence_store/CASE-20260730-101138/metadata/forensic_intervention.json; foc-reconstruction/attestations/case_manifest_link.json; app_core/infrastructure/forensics/evidence_store/CASE-20260730-101138/manifest.json; app_core/infrastructure/forensics/evidence_store/CASE-20260730-101138/chain_of_custody.log,forensic_intervention.json exists but does not contain the explicit case_id → preserved_case_directory → manifest link needed for causal traceability.,False,False,forensic_intervention.json must contain preserved_case_directory and link to manifest.json. This creates the causal chain: alert → intervention → case → evidence.
CMP-20260729-130859-8DE7,EXEC-0010,case-91434382,edge_preserved_case_evidence_to_multilayer_analysis,preserved_case_evidence,multilayer_analysis,Preserved evidence is consumed by the multilayer forensic analysis pipeline.,recovered,1.0,0.125,not_computed,supported,supported,verified,manifest; chain_of_custody; forensic_analysis_report; analysis_visual_summary; memory_analysis_useful,app_core/infrastructure/forensics/evidence_store/CASE-20260730-101138/manifest.json; app_core/infrastructure/forensics/evidence_store/CASE-20260730-101138/chain_of_custody.log; app_core/infrastructure/forensics/evidence_store/CASE-20260730-101138/analysis/forensic_analysis_report.json; app_core/infrastructure/forensics/evidence_store/CASE-20260730-101138/analysis/visual/analysis_visual_summary.json; app_core/infrastructure/forensics/evidence_store/CASE-20260730-101138/analysis/04_memory/memory_findings.json,,app_core/infrastructure/forensics/evidence_store/CASE-20260730-101138/manifest.json; app_core/infrastructure/forensics/evidence_store/CASE-20260730-101138/chain_of_custody.log; app_core/infrastructure/forensics/evidence_store/CASE-20260730-101138/analysis/forensic_analysis_report.json; app_core/infrastructure/forensics/evidence_store/CASE-20260730-101138/analysis/visual/analysis_visual_summary.json; app_core/infrastructure/forensics/evidence_store/CASE-20260730-101138/analysis/04_memory/memory_findings.json,,False,False,forensic_analysis_report.json and analysis_visual_summary.json cover this edge.
CMP-20260729-130859-8DE7,EXEC-0011,case-1ca991f0,edge_attack_execution_to_ot_write,attack_execution,ot_modbus_write,The T0831 attack execution issues an unauthorized Modbus write to the PLC register.,recovered,1.0,0.125,not_computed,supported,supported,verified,attack_attestation; network_modbus_observation,foc-reconstruction/attestations/attack_attestation.json#atk-6402b8e1; app_core/infrastructure/forensics/evidence_store/CASE-20260730-123024/analysis/03_network/network_findings.json,,foc-reconstruction/attestations/attack_attestation.json#atk-6402b8e1; app_core/infrastructure/forensics/evidence_store/CASE-20260730-123024/analysis/03_network/network_findings.json,,False,False,Confirm attack_attestation.json references the write function code and register.
CMP-20260729-130859-8DE7,EXEC-0011,case-1ca991f0,edge_ot_write_to_network_modbus_write,ot_modbus_write,network_modbus_write,The write instruction should produce observable Modbus TCP traffic capturable by IDS.,recovered,1.0,0.125,not_computed,not_required,supported,verified,network_modbus_observation,app_core/infrastructure/forensics/evidence_store/CASE-20260730-123024/analysis/03_network/network_findings.json,,app_core/infrastructure/forensics/evidence_store/CASE-20260730-123024/analysis/03_network/network_findings.json,,False,False,Verify OT export PCAP contains the Modbus write function code and target register.
CMP-20260729-130859-8DE7,EXEC-0011,case-1ca991f0,edge_network_modbus_write_to_detection_surface,network_modbus_write,detection_surface,Observable Modbus traffic reaches the detection surface (Suricata/Wazuh).,recovered,1.0,0.125,not_computed,supported,supported,verified,attack_attestation; detection_attestation,foc-reconstruction/attestations/attack_attestation.json#atk-6402b8e1; foc-reconstruction/attestations/detection_attestation.json#910836102,,foc-reconstruction/attestations/attack_attestation.json#atk-6402b8e1; foc-reconstruction/attestations/detection_attestation.json#910836102,Temporal link between network traffic and detection surface is unresolved (temporal_status=unknown).,False,False,Resolve UTC timestamp gap between attack_started_at and network_event_observed_at.
CMP-20260729-130859-8DE7,EXEC-0011,case-1ca991f0,edge_ot_write_to_plc_state_observation,ot_modbus_write,plc_or_scada_state_observation,The register write should produce an observable PLC/SCADA state change.,recovered,1.0,0.125,not_computed,not_required,supported,verified,plc_state_observation,app_core/infrastructure/forensics/evidence_store/CASE-20260730-123024/analysis/06_ot/ot_findings.json,,app_core/infrastructure/forensics/evidence_store/CASE-20260730-123024/analysis/06_ot/ot_findings.json,,False,False,ot_findings.json already covers this; confirm function code=16 and register/value.
CMP-20260729-130859-8DE7,EXEC-0011,case-1ca991f0,edge_detection_surface_to_alert_observation,detection_surface,alert_observation,The detection surface produces an alert observable by the SIEM/alert pipeline.,ambiguous,1.0,0.0625,not_computed,ambiguous,supported,verified,detection_attestation; alert_correlation,foc-reconstruction/attestations/detection_attestation.json#910836102; foc-reconstruction/attestations/alert_correlation.json#alr-bc4c82dd,,foc-reconstruction/attestations/detection_attestation.json#910836102; foc-reconstruction/attestations/alert_correlation.json#alr-bc4c82dd,Temporal resolution between detection and alert observation is limited (temporal_status=unknown).,False,False,Normalize detection_observed_at_utc vs alert_observed_at_utc in normalized_causal_timestamps.json.
CMP-20260729-130859-8DE7,EXEC-0011,case-1ca991f0,edge_alert_observation_to_forensic_case,alert_observation,forensic_case,The observed alert triggers forensic intervention and creates the forensic case.,recovered,1.0,0.125,not_computed,supported,supported,verified,alert_correlation; forensic_intervention,foc-reconstruction/attestations/alert_correlation.json#alr-bc4c82dd; app_core/infrastructure/forensics/evidence_store/CASE-20260730-123024/metadata/forensic_intervention.json,,foc-reconstruction/attestations/alert_correlation.json#alr-bc4c82dd; app_core/infrastructure/forensics/evidence_store/CASE-20260730-123024/metadata/forensic_intervention.json,forensic_intervention.json does not carry the trigger_alert_id → case_id causal chain.,False,False,"forensic_intervention.json must explicitly link trigger_alert_id → case_id. Currently, the artifact exists but the causal link to the triggering alert is not resolved."
CMP-20260729-130859-8DE7,EXEC-0011,case-1ca991f0,edge_forensic_case_to_preserved_case_evidence,forensic_case,preserved_case_evidence,"The forensic case maps to concrete preserved evidence (manifest, custody chain, artifacts).",recovered,1.0,0.125,not_computed,supported,supported,verified,forensic_intervention; case_manifest_link; manifest; chain_of_custody,app_core/infrastructure/forensics/evidence_store/CASE-20260730-123024/metadata/forensic_intervention.json; foc-reconstruction/attestations/case_manifest_link.json; app_core/infrastructure/forensics/evidence_store/CASE-20260730-123024/manifest.json; app_core/infrastructure/forensics/evidence_store/CASE-20260730-123024/chain_of_custody.log,,app_core/infrastructure/forensics/evidence_store/CASE-20260730-123024/metadata/forensic_intervention.json; foc-reconstruction/attestations/case_manifest_link.json; app_core/infrastructure/forensics/evidence_store/CASE-20260730-123024/manifest.json; app_core/infrastructure/forensics/evidence_store/CASE-20260730-123024/chain_of_custody.log,forensic_intervention.json exists but does not contain the explicit case_id → preserved_case_directory → manifest link needed for causal traceability.,False,False,forensic_intervention.json must contain preserved_case_directory and link to manifest.json. This creates the causal chain: alert → intervention → case → evidence.
CMP-20260729-130859-8DE7,EXEC-0011,case-1ca991f0,edge_preserved_case_evidence_to_multilayer_analysis,preserved_case_evidence,multilayer_analysis,Preserved evidence is consumed by the multilayer forensic analysis pipeline.,recovered,1.0,0.125,not_computed,supported,supported,verified,manifest; chain_of_custody; forensic_analysis_report; analysis_visual_summary; memory_analysis_useful,app_core/infrastructure/forensics/evidence_store/CASE-20260730-123024/manifest.json; app_core/infrastructure/forensics/evidence_store/CASE-20260730-123024/chain_of_custody.log; app_core/infrastructure/forensics/evidence_store/CASE-20260730-123024/analysis/forensic_analysis_report.json; app_core/infrastructure/forensics/evidence_store/CASE-20260730-123024/analysis/visual/analysis_visual_summary.json; app_core/infrastructure/forensics/evidence_store/CASE-20260730-123024/analysis/04_memory/memory_findings.json,,app_core/infrastructure/forensics/evidence_store/CASE-20260730-123024/manifest.json; app_core/infrastructure/forensics/evidence_store/CASE-20260730-123024/chain_of_custody.log; app_core/infrastructure/forensics/evidence_store/CASE-20260730-123024/analysis/forensic_analysis_report.json; app_core/infrastructure/forensics/evidence_store/CASE-20260730-123024/analysis/visual/analysis_visual_summary.json; app_core/infrastructure/forensics/evidence_store/CASE-20260730-123024/analysis/04_memory/memory_findings.json,,False,False,forensic_analysis_report.json and analysis_visual_summary.json cover this edge.
CMP-20260729-130859-8DE7,EXEC-0012,case-37b2b330,edge_attack_execution_to_ot_write,attack_execution,ot_modbus_write,The T0831 attack execution issues an unauthorized Modbus write to the PLC register.,recovered,1.0,0.125,not_computed,supported,supported,verified,attack_attestation; network_modbus_observation,foc-reconstruction/attestations/attack_attestation.json#atk-6402b8e1; app_core/infrastructure/forensics/evidence_store/CASE-20260730-145206/analysis/03_network/network_findings.json,,foc-reconstruction/attestations/attack_attestation.json#atk-6402b8e1; app_core/infrastructure/forensics/evidence_store/CASE-20260730-145206/analysis/03_network/network_findings.json,,False,False,Confirm attack_attestation.json references the write function code and register.
CMP-20260729-130859-8DE7,EXEC-0012,case-37b2b330,edge_ot_write_to_network_modbus_write,ot_modbus_write,network_modbus_write,The write instruction should produce observable Modbus TCP traffic capturable by IDS.,recovered,1.0,0.125,not_computed,not_required,supported,verified,network_modbus_observation,app_core/infrastructure/forensics/evidence_store/CASE-20260730-145206/analysis/03_network/network_findings.json,,app_core/infrastructure/forensics/evidence_store/CASE-20260730-145206/analysis/03_network/network_findings.json,,False,False,Verify OT export PCAP contains the Modbus write function code and target register.
CMP-20260729-130859-8DE7,EXEC-0012,case-37b2b330,edge_network_modbus_write_to_detection_surface,network_modbus_write,detection_surface,Observable Modbus traffic reaches the detection surface (Suricata/Wazuh).,recovered,1.0,0.125,not_computed,supported,supported,verified,attack_attestation; detection_attestation,foc-reconstruction/attestations/attack_attestation.json#atk-6402b8e1; foc-reconstruction/attestations/detection_attestation.json#910836102,,foc-reconstruction/attestations/attack_attestation.json#atk-6402b8e1; foc-reconstruction/attestations/detection_attestation.json#910836102,Temporal link between network traffic and detection surface is unresolved (temporal_status=unknown).,False,False,Resolve UTC timestamp gap between attack_started_at and network_event_observed_at.
CMP-20260729-130859-8DE7,EXEC-0012,case-37b2b330,edge_ot_write_to_plc_state_observation,ot_modbus_write,plc_or_scada_state_observation,The register write should produce an observable PLC/SCADA state change.,recovered,1.0,0.125,not_computed,not_required,supported,verified,plc_state_observation,app_core/infrastructure/forensics/evidence_store/CASE-20260730-145206/analysis/06_ot/ot_findings.json,,app_core/infrastructure/forensics/evidence_store/CASE-20260730-145206/analysis/06_ot/ot_findings.json,,False,False,ot_findings.json already covers this; confirm function code=16 and register/value.
CMP-20260729-130859-8DE7,EXEC-0012,case-37b2b330,edge_detection_surface_to_alert_observation,detection_surface,alert_observation,The detection surface produces an alert observable by the SIEM/alert pipeline.,ambiguous,1.0,0.0625,not_computed,ambiguous,supported,verified,detection_attestation; alert_correlation,foc-reconstruction/attestations/detection_attestation.json#910836102; foc-reconstruction/attestations/alert_correlation.json#alr-bc4c82dd,,foc-reconstruction/attestations/detection_attestation.json#910836102; foc-reconstruction/attestations/alert_correlation.json#alr-bc4c82dd,Temporal resolution between detection and alert observation is limited (temporal_status=unknown).,False,False,Normalize detection_observed_at_utc vs alert_observed_at_utc in normalized_causal_timestamps.json.
CMP-20260729-130859-8DE7,EXEC-0012,case-37b2b330,edge_alert_observation_to_forensic_case,alert_observation,forensic_case,The observed alert triggers forensic intervention and creates the forensic case.,recovered,1.0,0.125,not_computed,supported,supported,verified,alert_correlation; forensic_intervention,foc-reconstruction/attestations/alert_correlation.json#alr-bc4c82dd; app_core/infrastructure/forensics/evidence_store/CASE-20260730-145206/metadata/forensic_intervention.json,,foc-reconstruction/attestations/alert_correlation.json#alr-bc4c82dd; app_core/infrastructure/forensics/evidence_store/CASE-20260730-145206/metadata/forensic_intervention.json,forensic_intervention.json does not carry the trigger_alert_id → case_id causal chain.,False,False,"forensic_intervention.json must explicitly link trigger_alert_id → case_id. Currently, the artifact exists but the causal link to the triggering alert is not resolved."
CMP-20260729-130859-8DE7,EXEC-0012,case-37b2b330,edge_forensic_case_to_preserved_case_evidence,forensic_case,preserved_case_evidence,"The forensic case maps to concrete preserved evidence (manifest, custody chain, artifacts).",recovered,1.0,0.125,not_computed,supported,supported,verified,forensic_intervention; case_manifest_link; manifest; chain_of_custody,app_core/infrastructure/forensics/evidence_store/CASE-20260730-145206/metadata/forensic_intervention.json; foc-reconstruction/attestations/case_manifest_link.json; app_core/infrastructure/forensics/evidence_store/CASE-20260730-145206/manifest.json; app_core/infrastructure/forensics/evidence_store/CASE-20260730-145206/chain_of_custody.log,,app_core/infrastructure/forensics/evidence_store/CASE-20260730-145206/metadata/forensic_intervention.json; foc-reconstruction/attestations/case_manifest_link.json; app_core/infrastructure/forensics/evidence_store/CASE-20260730-145206/manifest.json; app_core/infrastructure/forensics/evidence_store/CASE-20260730-145206/chain_of_custody.log,forensic_intervention.json exists but does not contain the explicit case_id → preserved_case_directory → manifest link needed for causal traceability.,False,False,forensic_intervention.json must contain preserved_case_directory and link to manifest.json. This creates the causal chain: alert → intervention → case → evidence.
CMP-20260729-130859-8DE7,EXEC-0012,case-37b2b330,edge_preserved_case_evidence_to_multilayer_analysis,preserved_case_evidence,multilayer_analysis,Preserved evidence is consumed by the multilayer forensic analysis pipeline.,recovered,1.0,0.125,not_computed,supported,supported,verified,manifest; chain_of_custody; forensic_analysis_report; analysis_visual_summary; memory_analysis_useful,app_core/infrastructure/forensics/evidence_store/CASE-20260730-145206/manifest.json; app_core/infrastructure/forensics/evidence_store/CASE-20260730-145206/chain_of_custody.log; app_core/infrastructure/forensics/evidence_store/CASE-20260730-145206/analysis/forensic_analysis_report.json; app_core/infrastructure/forensics/evidence_store/CASE-20260730-145206/analysis/visual/analysis_visual_summary.json; app_core/infrastructure/forensics/evidence_store/CASE-20260730-145206/analysis/04_memory/memory_findings.json,,app_core/infrastructure/forensics/evidence_store/CASE-20260730-145206/manifest.json; app_core/infrastructure/forensics/evidence_store/CASE-20260730-145206/chain_of_custody.log; app_core/infrastructure/forensics/evidence_store/CASE-20260730-145206/analysis/forensic_analysis_report.json; app_core/infrastructure/forensics/evidence_store/CASE-20260730-145206/analysis/visual/analysis_visual_summary.json; app_core/infrastructure/forensics/evidence_store/CASE-20260730-145206/analysis/04_memory/memory_findings.json,,False,False,forensic_analysis_report.json and analysis_visual_summary.json cover this edge.
CMP-20260729-130859-8DE7,EXEC-0013,case-78c2b34b,edge_attack_execution_to_ot_write,attack_execution,ot_modbus_write,The T0831 attack execution issues an unauthorized Modbus write to the PLC register.,recovered,1.0,0.125,not_computed,supported,supported,verified,attack_attestation; network_modbus_observation,foc-reconstruction/attestations/attack_attestation.json#atk-6402b8e1; app_core/infrastructure/forensics/evidence_store/CASE-20260730-171645/analysis/03_network/network_findings.json,,foc-reconstruction/attestations/attack_attestation.json#atk-6402b8e1; app_core/infrastructure/forensics/evidence_store/CASE-20260730-171645/analysis/03_network/network_findings.json,,False,False,Confirm attack_attestation.json references the write function code and register.
CMP-20260729-130859-8DE7,EXEC-0013,case-78c2b34b,edge_ot_write_to_network_modbus_write,ot_modbus_write,network_modbus_write,The write instruction should produce observable Modbus TCP traffic capturable by IDS.,recovered,1.0,0.125,not_computed,not_required,supported,verified,network_modbus_observation,app_core/infrastructure/forensics/evidence_store/CASE-20260730-171645/analysis/03_network/network_findings.json,,app_core/infrastructure/forensics/evidence_store/CASE-20260730-171645/analysis/03_network/network_findings.json,,False,False,Verify OT export PCAP contains the Modbus write function code and target register.
CMP-20260729-130859-8DE7,EXEC-0013,case-78c2b34b,edge_network_modbus_write_to_detection_surface,network_modbus_write,detection_surface,Observable Modbus traffic reaches the detection surface (Suricata/Wazuh).,recovered,1.0,0.125,not_computed,supported,supported,verified,attack_attestation; detection_attestation,foc-reconstruction/attestations/attack_attestation.json#atk-6402b8e1; foc-reconstruction/attestations/detection_attestation.json#910836102,,foc-reconstruction/attestations/attack_attestation.json#atk-6402b8e1; foc-reconstruction/attestations/detection_attestation.json#910836102,Temporal link between network traffic and detection surface is unresolved (temporal_status=unknown).,False,False,Resolve UTC timestamp gap between attack_started_at and network_event_observed_at.
CMP-20260729-130859-8DE7,EXEC-0013,case-78c2b34b,edge_ot_write_to_plc_state_observation,ot_modbus_write,plc_or_scada_state_observation,The register write should produce an observable PLC/SCADA state change.,recovered,1.0,0.125,not_computed,not_required,supported,verified,plc_state_observation,app_core/infrastructure/forensics/evidence_store/CASE-20260730-171645/analysis/06_ot/ot_findings.json,,app_core/infrastructure/forensics/evidence_store/CASE-20260730-171645/analysis/06_ot/ot_findings.json,,False,False,ot_findings.json already covers this; confirm function code=16 and register/value.
CMP-20260729-130859-8DE7,EXEC-0013,case-78c2b34b,edge_detection_surface_to_alert_observation,detection_surface,alert_observation,The detection surface produces an alert observable by the SIEM/alert pipeline.,ambiguous,1.0,0.0625,not_computed,ambiguous,supported,verified,detection_attestation; alert_correlation,foc-reconstruction/attestations/detection_attestation.json#910836102; foc-reconstruction/attestations/alert_correlation.json#alr-bc4c82dd,,foc-reconstruction/attestations/detection_attestation.json#910836102; foc-reconstruction/attestations/alert_correlation.json#alr-bc4c82dd,Temporal resolution between detection and alert observation is limited (temporal_status=unknown).,False,False,Normalize detection_observed_at_utc vs alert_observed_at_utc in normalized_causal_timestamps.json.
CMP-20260729-130859-8DE7,EXEC-0013,case-78c2b34b,edge_alert_observation_to_forensic_case,alert_observation,forensic_case,The observed alert triggers forensic intervention and creates the forensic case.,recovered,1.0,0.125,not_computed,supported,supported,verified,alert_correlation; forensic_intervention,foc-reconstruction/attestations/alert_correlation.json#alr-bc4c82dd; app_core/infrastructure/forensics/evidence_store/CASE-20260730-171645/metadata/forensic_intervention.json,,foc-reconstruction/attestations/alert_correlation.json#alr-bc4c82dd; app_core/infrastructure/forensics/evidence_store/CASE-20260730-171645/metadata/forensic_intervention.json,forensic_intervention.json does not carry the trigger_alert_id → case_id causal chain.,False,False,"forensic_intervention.json must explicitly link trigger_alert_id → case_id. Currently, the artifact exists but the causal link to the triggering alert is not resolved."
CMP-20260729-130859-8DE7,EXEC-0013,case-78c2b34b,edge_forensic_case_to_preserved_case_evidence,forensic_case,preserved_case_evidence,"The forensic case maps to concrete preserved evidence (manifest, custody chain, artifacts).",recovered,1.0,0.125,not_computed,supported,supported,verified,forensic_intervention; case_manifest_link; manifest; chain_of_custody,app_core/infrastructure/forensics/evidence_store/CASE-20260730-171645/metadata/forensic_intervention.json; foc-reconstruction/attestations/case_manifest_link.json; app_core/infrastructure/forensics/evidence_store/CASE-20260730-171645/manifest.json; app_core/infrastructure/forensics/evidence_store/CASE-20260730-171645/chain_of_custody.log,,app_core/infrastructure/forensics/evidence_store/CASE-20260730-171645/metadata/forensic_intervention.json; foc-reconstruction/attestations/case_manifest_link.json; app_core/infrastructure/forensics/evidence_store/CASE-20260730-171645/manifest.json; app_core/infrastructure/forensics/evidence_store/CASE-20260730-171645/chain_of_custody.log,forensic_intervention.json exists but does not contain the explicit case_id → preserved_case_directory → manifest link needed for causal traceability.,False,False,forensic_intervention.json must contain preserved_case_directory and link to manifest.json. This creates the causal chain: alert → intervention → case → evidence.
CMP-20260729-130859-8DE7,EXEC-0013,case-78c2b34b,edge_preserved_case_evidence_to_multilayer_analysis,preserved_case_evidence,multilayer_analysis,Preserved evidence is consumed by the multilayer forensic analysis pipeline.,recovered,1.0,0.125,not_computed,supported,supported,verified,manifest; chain_of_custody; forensic_analysis_report; analysis_visual_summary; memory_analysis_useful,app_core/infrastructure/forensics/evidence_store/CASE-20260730-171645/manifest.json; app_core/infrastructure/forensics/evidence_store/CASE-20260730-171645/chain_of_custody.log; app_core/infrastructure/forensics/evidence_store/CASE-20260730-171645/analysis/forensic_analysis_report.json; app_core/infrastructure/forensics/evidence_store/CASE-20260730-171645/analysis/visual/analysis_visual_summary.json; app_core/infrastructure/forensics/evidence_store/CASE-20260730-171645/analysis/04_memory/memory_findings.json,,app_core/infrastructure/forensics/evidence_store/CASE-20260730-171645/manifest.json; app_core/infrastructure/forensics/evidence_store/CASE-20260730-171645/chain_of_custody.log; app_core/infrastructure/forensics/evidence_store/CASE-20260730-171645/analysis/forensic_analysis_report.json; app_core/infrastructure/forensics/evidence_store/CASE-20260730-171645/analysis/visual/analysis_visual_summary.json; app_core/infrastructure/forensics/evidence_store/CASE-20260730-171645/analysis/04_memory/memory_findings.json,,False,False,forensic_analysis_report.json and analysis_visual_summary.json cover this edge.
CMP-20260729-130859-8DE7,EXEC-0014,case-b0d41409,edge_attack_execution_to_ot_write,attack_execution,ot_modbus_write,The T0831 attack execution issues an unauthorized Modbus write to the PLC register.,recovered,1.0,0.125,not_computed,supported,supported,verified,attack_attestation; network_modbus_observation,foc-reconstruction/attestations/attack_attestation.json#atk-6402b8e1; app_core/infrastructure/forensics/evidence_store/CASE-20260730-193853/analysis/03_network/network_findings.json,,foc-reconstruction/attestations/attack_attestation.json#atk-6402b8e1; app_core/infrastructure/forensics/evidence_store/CASE-20260730-193853/analysis/03_network/network_findings.json,,False,False,Confirm attack_attestation.json references the write function code and register.
CMP-20260729-130859-8DE7,EXEC-0014,case-b0d41409,edge_ot_write_to_network_modbus_write,ot_modbus_write,network_modbus_write,The write instruction should produce observable Modbus TCP traffic capturable by IDS.,recovered,1.0,0.125,not_computed,not_required,supported,verified,network_modbus_observation,app_core/infrastructure/forensics/evidence_store/CASE-20260730-193853/analysis/03_network/network_findings.json,,app_core/infrastructure/forensics/evidence_store/CASE-20260730-193853/analysis/03_network/network_findings.json,,False,False,Verify OT export PCAP contains the Modbus write function code and target register.
CMP-20260729-130859-8DE7,EXEC-0014,case-b0d41409,edge_network_modbus_write_to_detection_surface,network_modbus_write,detection_surface,Observable Modbus traffic reaches the detection surface (Suricata/Wazuh).,recovered,1.0,0.125,not_computed,supported,supported,verified,attack_attestation; detection_attestation,foc-reconstruction/attestations/attack_attestation.json#atk-6402b8e1; foc-reconstruction/attestations/detection_attestation.json#910836102,,foc-reconstruction/attestations/attack_attestation.json#atk-6402b8e1; foc-reconstruction/attestations/detection_attestation.json#910836102,Temporal link between network traffic and detection surface is unresolved (temporal_status=unknown).,False,False,Resolve UTC timestamp gap between attack_started_at and network_event_observed_at.
CMP-20260729-130859-8DE7,EXEC-0014,case-b0d41409,edge_ot_write_to_plc_state_observation,ot_modbus_write,plc_or_scada_state_observation,The register write should produce an observable PLC/SCADA state change.,recovered,1.0,0.125,not_computed,not_required,supported,verified,plc_state_observation,app_core/infrastructure/forensics/evidence_store/CASE-20260730-193853/analysis/06_ot/ot_findings.json,,app_core/infrastructure/forensics/evidence_store/CASE-20260730-193853/analysis/06_ot/ot_findings.json,,False,False,ot_findings.json already covers this; confirm function code=16 and register/value.
CMP-20260729-130859-8DE7,EXEC-0014,case-b0d41409,edge_detection_surface_to_alert_observation,detection_surface,alert_observation,The detection surface produces an alert observable by the SIEM/alert pipeline.,ambiguous,1.0,0.0625,not_computed,ambiguous,supported,verified,detection_attestation; alert_correlation,foc-reconstruction/attestations/detection_attestation.json#910836102; foc-reconstruction/attestations/alert_correlation.json#alr-bc4c82dd,,foc-reconstruction/attestations/detection_attestation.json#910836102; foc-reconstruction/attestations/alert_correlation.json#alr-bc4c82dd,Temporal resolution between detection and alert observation is limited (temporal_status=unknown).,False,False,Normalize detection_observed_at_utc vs alert_observed_at_utc in normalized_causal_timestamps.json.
CMP-20260729-130859-8DE7,EXEC-0014,case-b0d41409,edge_alert_observation_to_forensic_case,alert_observation,forensic_case,The observed alert triggers forensic intervention and creates the forensic case.,recovered,1.0,0.125,not_computed,supported,supported,verified,alert_correlation; forensic_intervention,foc-reconstruction/attestations/alert_correlation.json#alr-bc4c82dd; app_core/infrastructure/forensics/evidence_store/CASE-20260730-193853/metadata/forensic_intervention.json,,foc-reconstruction/attestations/alert_correlation.json#alr-bc4c82dd; app_core/infrastructure/forensics/evidence_store/CASE-20260730-193853/metadata/forensic_intervention.json,forensic_intervention.json does not carry the trigger_alert_id → case_id causal chain.,False,False,"forensic_intervention.json must explicitly link trigger_alert_id → case_id. Currently, the artifact exists but the causal link to the triggering alert is not resolved."
CMP-20260729-130859-8DE7,EXEC-0014,case-b0d41409,edge_forensic_case_to_preserved_case_evidence,forensic_case,preserved_case_evidence,"The forensic case maps to concrete preserved evidence (manifest, custody chain, artifacts).",recovered,1.0,0.125,not_computed,supported,supported,verified,forensic_intervention; case_manifest_link; manifest; chain_of_custody,app_core/infrastructure/forensics/evidence_store/CASE-20260730-193853/metadata/forensic_intervention.json; foc-reconstruction/attestations/case_manifest_link.json; app_core/infrastructure/forensics/evidence_store/CASE-20260730-193853/manifest.json; app_core/infrastructure/forensics/evidence_store/CASE-20260730-193853/chain_of_custody.log,,app_core/infrastructure/forensics/evidence_store/CASE-20260730-193853/metadata/forensic_intervention.json; foc-reconstruction/attestations/case_manifest_link.json; app_core/infrastructure/forensics/evidence_store/CASE-20260730-193853/manifest.json; app_core/infrastructure/forensics/evidence_store/CASE-20260730-193853/chain_of_custody.log,forensic_intervention.json exists but does not contain the explicit case_id → preserved_case_directory → manifest link needed for causal traceability.,False,False,forensic_intervention.json must contain preserved_case_directory and link to manifest.json. This creates the causal chain: alert → intervention → case → evidence.
CMP-20260729-130859-8DE7,EXEC-0014,case-b0d41409,edge_preserved_case_evidence_to_multilayer_analysis,preserved_case_evidence,multilayer_analysis,Preserved evidence is consumed by the multilayer forensic analysis pipeline.,recovered,1.0,0.125,not_computed,supported,supported,verified,manifest; chain_of_custody; forensic_analysis_report; analysis_visual_summary; memory_analysis_useful,app_core/infrastructure/forensics/evidence_store/CASE-20260730-193853/manifest.json; app_core/infrastructure/forensics/evidence_store/CASE-20260730-193853/chain_of_custody.log; app_core/infrastructure/forensics/evidence_store/CASE-20260730-193853/analysis/forensic_analysis_report.json; app_core/infrastructure/forensics/evidence_store/CASE-20260730-193853/analysis/visual/analysis_visual_summary.json; app_core/infrastructure/forensics/evidence_store/CASE-20260730-193853/analysis/04_memory/memory_findings.json,,app_core/infrastructure/forensics/evidence_store/CASE-20260730-193853/manifest.json; app_core/infrastructure/forensics/evidence_store/CASE-20260730-193853/chain_of_custody.log; app_core/infrastructure/forensics/evidence_store/CASE-20260730-193853/analysis/forensic_analysis_report.json; app_core/infrastructure/forensics/evidence_store/CASE-20260730-193853/analysis/visual/analysis_visual_summary.json; app_core/infrastructure/forensics/evidence_store/CASE-20260730-193853/analysis/04_memory/memory_findings.json,,False,False,forensic_analysis_report.json and analysis_visual_summary.json cover this edge.
CMP-20260729-130859-8DE7,EXEC-0015,case-2990b1f4,edge_attack_execution_to_ot_write,attack_execution,ot_modbus_write,The T0831 attack execution issues an unauthorized Modbus write to the PLC register.,recovered,1.0,0.125,not_computed,supported,supported,verified,attack_attestation; network_modbus_observation,foc-reconstruction/attestations/attack_attestation.json#atk-6402b8e1; app_core/infrastructure/forensics/evidence_store/CASE-20260730-215205/analysis/03_network/network_findings.json,,foc-reconstruction/attestations/attack_attestation.json#atk-6402b8e1; app_core/infrastructure/forensics/evidence_store/CASE-20260730-215205/analysis/03_network/network_findings.json,,False,False,Confirm attack_attestation.json references the write function code and register.
CMP-20260729-130859-8DE7,EXEC-0015,case-2990b1f4,edge_ot_write_to_network_modbus_write,ot_modbus_write,network_modbus_write,The write instruction should produce observable Modbus TCP traffic capturable by IDS.,recovered,1.0,0.125,not_computed,not_required,supported,verified,network_modbus_observation,app_core/infrastructure/forensics/evidence_store/CASE-20260730-215205/analysis/03_network/network_findings.json,,app_core/infrastructure/forensics/evidence_store/CASE-20260730-215205/analysis/03_network/network_findings.json,,False,False,Verify OT export PCAP contains the Modbus write function code and target register.
CMP-20260729-130859-8DE7,EXEC-0015,case-2990b1f4,edge_network_modbus_write_to_detection_surface,network_modbus_write,detection_surface,Observable Modbus traffic reaches the detection surface (Suricata/Wazuh).,recovered,1.0,0.125,not_computed,supported,supported,verified,attack_attestation; detection_attestation,foc-reconstruction/attestations/attack_attestation.json#atk-6402b8e1; foc-reconstruction/attestations/detection_attestation.json#910836102,,foc-reconstruction/attestations/attack_attestation.json#atk-6402b8e1; foc-reconstruction/attestations/detection_attestation.json#910836102,Temporal link between network traffic and detection surface is unresolved (temporal_status=unknown).,False,False,Resolve UTC timestamp gap between attack_started_at and network_event_observed_at.
CMP-20260729-130859-8DE7,EXEC-0015,case-2990b1f4,edge_ot_write_to_plc_state_observation,ot_modbus_write,plc_or_scada_state_observation,The register write should produce an observable PLC/SCADA state change.,recovered,1.0,0.125,not_computed,not_required,supported,verified,plc_state_observation,app_core/infrastructure/forensics/evidence_store/CASE-20260730-215205/analysis/06_ot/ot_findings.json,,app_core/infrastructure/forensics/evidence_store/CASE-20260730-215205/analysis/06_ot/ot_findings.json,,False,False,ot_findings.json already covers this; confirm function code=16 and register/value.
CMP-20260729-130859-8DE7,EXEC-0015,case-2990b1f4,edge_detection_surface_to_alert_observation,detection_surface,alert_observation,The detection surface produces an alert observable by the SIEM/alert pipeline.,ambiguous,1.0,0.0625,not_computed,ambiguous,supported,verified,detection_attestation; alert_correlation,foc-reconstruction/attestations/detection_attestation.json#910836102; foc-reconstruction/attestations/alert_correlation.json#alr-bc4c82dd,,foc-reconstruction/attestations/detection_attestation.json#910836102; foc-reconstruction/attestations/alert_correlation.json#alr-bc4c82dd,Temporal resolution between detection and alert observation is limited (temporal_status=unknown).,False,False,Normalize detection_observed_at_utc vs alert_observed_at_utc in normalized_causal_timestamps.json.
CMP-20260729-130859-8DE7,EXEC-0015,case-2990b1f4,edge_alert_observation_to_forensic_case,alert_observation,forensic_case,The observed alert triggers forensic intervention and creates the forensic case.,recovered,1.0,0.125,not_computed,supported,supported,verified,alert_correlation; forensic_intervention,foc-reconstruction/attestations/alert_correlation.json#alr-bc4c82dd; app_core/infrastructure/forensics/evidence_store/CASE-20260730-215205/metadata/forensic_intervention.json,,foc-reconstruction/attestations/alert_correlation.json#alr-bc4c82dd; app_core/infrastructure/forensics/evidence_store/CASE-20260730-215205/metadata/forensic_intervention.json,forensic_intervention.json does not carry the trigger_alert_id → case_id causal chain.,False,False,"forensic_intervention.json must explicitly link trigger_alert_id → case_id. Currently, the artifact exists but the causal link to the triggering alert is not resolved."
CMP-20260729-130859-8DE7,EXEC-0015,case-2990b1f4,edge_forensic_case_to_preserved_case_evidence,forensic_case,preserved_case_evidence,"The forensic case maps to concrete preserved evidence (manifest, custody chain, artifacts).",recovered,1.0,0.125,not_computed,supported,supported,verified,forensic_intervention; case_manifest_link; manifest; chain_of_custody,app_core/infrastructure/forensics/evidence_store/CASE-20260730-215205/metadata/forensic_intervention.json; foc-reconstruction/attestations/case_manifest_link.json; app_core/infrastructure/forensics/evidence_store/CASE-20260730-215205/manifest.json; app_core/infrastructure/forensics/evidence_store/CASE-20260730-215205/chain_of_custody.log,,app_core/infrastructure/forensics/evidence_store/CASE-20260730-215205/metadata/forensic_intervention.json; foc-reconstruction/attestations/case_manifest_link.json; app_core/infrastructure/forensics/evidence_store/CASE-20260730-215205/manifest.json; app_core/infrastructure/forensics/evidence_store/CASE-20260730-215205/chain_of_custody.log,forensic_intervention.json exists but does not contain the explicit case_id → preserved_case_directory → manifest link needed for causal traceability.,False,False,forensic_intervention.json must contain preserved_case_directory and link to manifest.json. This creates the causal chain: alert → intervention → case → evidence.
CMP-20260729-130859-8DE7,EXEC-0015,case-2990b1f4,edge_preserved_case_evidence_to_multilayer_analysis,preserved_case_evidence,multilayer_analysis,Preserved evidence is consumed by the multilayer forensic analysis pipeline.,recovered,1.0,0.125,not_computed,supported,supported,verified,manifest; chain_of_custody; forensic_analysis_report; analysis_visual_summary; memory_analysis_useful,app_core/infrastructure/forensics/evidence_store/CASE-20260730-215205/manifest.json; app_core/infrastructure/forensics/evidence_store/CASE-20260730-215205/chain_of_custody.log; app_core/infrastructure/forensics/evidence_store/CASE-20260730-215205/analysis/forensic_analysis_report.json; app_core/infrastructure/forensics/evidence_store/CASE-20260730-215205/analysis/visual/analysis_visual_summary.json; app_core/infrastructure/forensics/evidence_store/CASE-20260730-215205/analysis/04_memory/memory_findings.json,,app_core/infrastructure/forensics/evidence_store/CASE-20260730-215205/manifest.json; app_core/infrastructure/forensics/evidence_store/CASE-20260730-215205/chain_of_custody.log; app_core/infrastructure/forensics/evidence_store/CASE-20260730-215205/analysis/forensic_analysis_report.json; app_core/infrastructure/forensics/evidence_store/CASE-20260730-215205/analysis/visual/analysis_visual_summary.json; app_core/infrastructure/forensics/evidence_store/CASE-20260730-215205/analysis/04_memory/memory_findings.json,,False,False,forensic_analysis_report.json and analysis_visual_summary.json cover this edge.
